RISK DOMAIN,DUE DILIGENCE OF SERVICE PROVIDER   ,GUIDANCE ON EVIDENCE REQUEST BUT NOT LIMITED TO,SERVICE PROVIDER RESPONSE,SERVICE PROVIDER COMMENTS,REVIEW BY TPRM ON COMMENTS/ RESPONSES PROVIDED BY SERVICE PROVIDER ,CONTROL EFFECTIVENESS LEVEL ,EFFECTIVENESS RATING,DOMAIN SCORE,DOMAIN RATING,,,,,,,,,,,,,,,,,Yes
COMPLIANCE,Has your company provided similar services to other clients?,Please share detailed case studies highlighting similar projects with client identitites anonymized. Provide examples of completed projects relevant to our needs. Provide examples of timelines and methodologies used in similar engagements. Provide proof of financial stability and evidence of insurance coverage and compliance with legal requirements. ,Yes,"Fuze currently powers digital asset investment infrastructure for two major UAE banks. Our platform supports KYC reliance for seamless onboarding, real-time price feeds, best execution protocols to ensure optimal pricing, and secure custody solutions. Within the first six months of launch, one in every four new users onboarded opted for digital asset investment, contributing to significant transaction volumes and client engagement.  We have also deployed a closed-loop investment infrastructure in partnership with Wio Bank and Wio Securities. In parallel, other financial institutions are implementing hybrid models—ranging from partially closed-loop to fully open-loop ecosystems—integrating features such as payment rails, card issuance, and digital asset flows.  Currently, two additional large-scale fintechs/financial institutions in the UAE are undergoing integration with our infrastructure. Their go-live is scheduled for Q2–Q3 2025.  Methodology and Implementation Timelines  Our approach is API-first, enabling seamless integration into a bank’s core systems. Each engagement is tailored to the partner's infrastructure and regulatory requirements, but typical implementation follows this phased approach:  Phase 1: Discovery & Technical Scoping (2–3 weeks)  Phase 2: API Integration & UAT (4–6 weeks)  Phase 3: Compliance Testing & Final Configuration (2 weeks)  Phase 4: Go-Live & Post-Launch Support (1–2 weeks)  Financial Stability and Insurance Coverage  Fuze maintains comprehensive insurance coverage through Marsh Insurance, including:  Professional Indemnity Insurance  Directors & Officers (D&O) Insurance  Crime Insurance  Cybersecurity Insurance  Given the nature of our business, our technology platform is the operational core. All transactions are logged, reconciliations are performed within the internal ledger system, and critical controls are implemented to ensure auditability and protection. As a result, we maintain enhanced crime and cyber risk coverage specifically tailored to our operational exposure.  We remain fully compliant with all applicable regulatory and legal requirements in the jurisdictions in which we operate.  Fuze has done over a billion USD in FY 2024 and achieved EBITDA profitability. With the growth trajectory Fuze will grow by 5-8x maintaining its profitability. The parent entity continues to support its subsidiaries Fuze raised $14M in its pre-seed round in 2023 and still has a healthy balance sheet that can support operations for the next 2 years.",,,0,0,Totally Ineffective,,,,,,,,,,,,,,,,,No
,Has your company been compliant with all applicable legal and regulatory requirements over the past years?,Please share your company Third-party risk management policy  Please share your company procedure to manage risk associated with your subcontractors. Please share internal or external audit report focusing on compliance with legal and regulatory changes.,Yes,"Yes, Fuze remains compliant with all applicable legal and regulatory requirements since being licensed and regulated by the Virtual Assets Regulatory Authority (""VARA"") in Dubai.  As a regulated Virtual Asset Service Provider, we have established a comprehensive compliance framework aligned with VARA’s Rulebooks, FATF recommendations, and broader local and international regulatory expectations.  Fuze has a comprehensive Outsourcing Policy in place, which effectively covers Third-Party Risk Management to manage and mitigate risks associated with subcontractors and vendors throughout the lifecycle of the engagement. The policy addresses critical areas of risk, including data security, intellectual property protection, and regulatory compliance, with appropriate safeguards and controls in place.   The third party / vendor onboarding process is designed to mitigate risks before engagement begins, including reputational, operational, legal, and financial risks. This involves conducting thorough due diligence and risk assessments, and incorporating contractual safeguards such as dispute resolution mechanisms, termination rights, and compliance requirements. It also ensures that vendors are aligned with our internal risk appetite and meet the expectations of relevant stakeholders.  Once a third party / vendor is onboarded, ongoing monitoring is critical to ensure continued compliance and performance. We conduct regular evaluations against agreed service-level agreements (SLAs) and key performance indicators (KPIs), and perform periodic risk reviews to assess any changes in the vendor’s risk profile. This process helps ensure that vendors are able to evolve alongside our business and continue to meet our operational and strategic needs.  The framework is led by the Head of Risk, who reports directly to the Board and administratively to the CEO.   The Risk Function will produce regular risk reports for senior management and the Board. Additionally, risk oversight is conducted by the Audit, Risk, and Compliance Committee (ARCC) which ensures independent scrutiny of all risk activities and escalates findings to the Board.  Fuze operates a Three Lines of Defence model:  - First Line: Risk ownership by business and operational units - Second Line: Independent risk oversight by the Risk Function - Third Line: Independent controls testing and assurance provided by Internal Audit  Audit and Regulatory Compliance Internal audits are conducted periodically to assess the effectiveness of our risk controls, compliance with legal and regulatory obligations, and operational resilience. These audits are aligned with industry standards and overseen by the ARCC.  We are happy to share a summary of our most recent internal audit reports under NDA, focusing on compliance with applicable laws and regulatory changes.",,,0,,,,,,,,,,,,,,,,,,,N/A
,Has your company ever faced any significant legal or compliance issues?,"If yes, please provide detailed description of issues including jurisdiction where the issues occurred. ",No,"Fuze has maintained a strong track record of regulatory compliance and operational integrity since inception. The company has not been subject to any legal or compliance issues, including:  - Regulatory scrutiny or investigations - Financial misstatements or reporting irregularities - Sanctions breaches - Preventive or non-preventive settlements with competent authorities  Fuze remains fully compliant with all applicable legal, regulatory, and reporting obligations across its jurisdictions of operation. Our governance framework and internal controls are designed to ensure continued alignment with evolving regulatory standards.",,,0,,,,,,,,,,,,,,,,,,,
,Does your company have a documented internal control environment and risk management practice,Please share your company risk management procedures and process.,Yes,"Yes, Fuze maintains a documented internal control environment and a formal risk management framework, both of which are aligned with regulatory expectations set by our regulator(Dubai’s Virtual Assets Regulatory Authority (VARA)) and global best practices.  Our internal control environment is structured to ensure the integrity of operations, compliance with applicable legal and regulatory requirements, and effective mitigation of key risks across the business.   These controls are embedded within our day-to-day processes and are subject to periodic review and enhancement based on risk assessments, audit findings, and regulatory developments.  Our risk management practices is led by our dedicated Head of Risk, and are governed by a documented Risk Management Policy and Framework, which defines our approach to: - Identifying, assessing, and mitigating operational, compliance, financial, technology, and third-party risks - Assigning clear ownership of risks and controls across the first and second lines of defence - Maintaining a risk register and conducting periodic risk reviews - Ensuring escalation protocols are in place for material risks or control breaches In addition, our internal control environment includes: - Defined roles and responsibilities with appropriate segregation of duties - Policies and procedures across key risk areas (e.g., AML/CFT, cybersecurity, business continuity) - Regular compliance monitoring and internal testing programs (as part of our compliance monitoring programme) - Internal audits to validate control effectiveness",,,0,,,,,,,,,,,,,,,,,,,
,Does your company receive any performance related incentives such as commission payments from the organization?,,No,"Fuze does not receive any performance-related incentives, including commission payments, from the organizations it serves. Our pricing and commercial arrangements are transparent, fixed, and agreed upon in advance with each client. This approach ensures alignment of interests, eliminates conflicts of interest, and reinforces our commitment to integrity and objectivity in all engagements.",,,0,,,,,,,,,,,,,,,,,,,
,Do you or your suppliers operate in any countries that are considered to be at higher risk for corruption and bribery?,Please share the details of countries where your suppliers operate,No,"No, Fuze does not not operate in countries that are considered high-risk for corruption and bribery. We maintain strict due diligence procedures as part of our third-party risk management framework to ensure all counterparties comply with applicable anti-bribery, anti-corruption, and ethical conduct standards. Our operations are governed by a zero-tolerance policy toward corruption in any form.",,,0,,,,,,,,,,,,,,,,,,,
,Are employees required to formally acknowledge the expected code of conduct including those related to anti-fraud and corruption?,,Yes,"Yes, all Fuze employees are required to formally acknowledge the company’s Code of Conduct, which includes clear guidelines on anti-fraud, anti-bribery, and anti-corruption practices. This acknowledgement is part of the onboarding process and is revalidated periodically through mandatory compliance training and attestations.  Our Code of Conduct is reinforced by internal policies, regular awareness sessions, and a whistleblower mechanism, ensuring that employees understand and adhere to the highest standards of ethical and professional behavior at all times.",,,0,,,,,,,,,,,,,,,,,,,
,"Do you have any engagement with Public Officials and/or Government-Owned Entities? If Yes, please describe this engagement.",Plesae provide the engagment details,No,"Fuze does not have any direct engagements with Public Officials or Government-Owned Entities. Our operations are focused on serving regulated financial institutions, licensed fintechs, and private sector entities. We maintain strict adherence to all applicable laws and ethical standards regarding interactions with public sector bodies.",,,0,,,,,,,,,,,,,,,,,,,
,"Is any of the Owners/Directors/Senior Employees/Major Shareholder of the third-party, an employee of the Mashreq Bank PSC or related to an employee of Mashreq Bank PSC?","Please provide names and phone numbers of such mashreq employees, Department, Location and the details of relationship you have with them",No,"No, none of the Owners, Directors, Senior Employees, or Major Shareholders of Fuze are employees of Mashreq Bank PSC or related to any employee of Mashreq Bank PSC. Fuze maintains a strict conflict of interest policy and ensures full transparency in all governance and ownership matters.",,,0,,,,,,,,,,,,,,,,,,,
,"Does your company review and ensure compliance with changes in legal and regulatory requirements, especially outside of UAE?","Please share documented policies and procedures outlining the process for reviewing and ensuring compliance with legal and regulatory chagnes, both domestically and internationally.",Yes,"Yes, Fuze actively reviews and ensures compliance with changes in legal and regulatory requirements, both within the UAE and internationally.   We have a dedicated compliance function that closely monitors regulatory developments across all jurisdictions where we operate. This includes: - Regularly reviewing updates from relevant regulatory bodies - Engaging with legal advisors and external consultants to ensure alignment with evolving laws - Conducting internal audits and assessments to ensure compliance across all operational areas - Updating internal policies and procedures in response to new regulatory requirements  Our approach ensures that Fuze remains fully compliant with all applicable legal frameworks, including those outside of the UAE, and helps mitigate any risks associated with non-compliance.  Please refer to the AML, CTF, CPF Policy as well as the Compliance Management System Policy for further details.",,,0,,,,,,,,,,,,,,,,,,,
,Events that may limit the service provider’s ability to provide services outside of UAE,Please share risk assessments outlining risks and impact on service delivery. Please share copy of Business continuity plan detailing strategies for mitigating disruptions to service delivery.,No,Document has been attached,,,0,,,,,,,,,,,,,,,,,,,
,Any additional factor that may need to be made part of risk assessment review (Applicable for outside UAE outsourcing),,No,,,,0,,,,,,,,,,,,,,,,,,,
,,,,,,,,,,,,,,,,,,,,,,,,,,
INFORMATION SECURITY,"Does your organization maintain, and implement policies and procedures to protect personal information?",Please share the policies related to protection of personal information,Yes,"At Fuze, we are committed to safeguarding the personal information of our clients and their customers. We implement a comprehensive, multi-layered security approach to ensure the confidentiality, integrity, and availability of sensitive data. Key measures include:  End-to-End Encryption: All data transmitted between our platform and users is secured with industry-standard encryption protocols (e.g., TLS/SSL), ensuring that sensitive information remains protected from unauthorized access during transmission.  Data-at-Rest Encryption: Fuze encrypts all stored data, including transaction records and personal information, using robust encryption algorithms to prevent unauthorized access to sensitive data.  Multi-Factor Authentication (MFA): We enforce MFA for all users accessing our platform, adding an extra layer of security beyond passwords to help prevent unauthorized access, even if user credentials are compromised.  Role-Based Access Control (RBAC): Fuze implements RBAC, limiting access to sensitive information and functionalities based on defined user roles. This ensures that only authorized personnel have access to critical data and systems.  Intrusion Detection and Prevention Systems (IDS/IPS): Our systems continuously monitor network traffic to detect and prevent unauthorized access or malicious activities in real time.  Security Information and Event Management (SIEM): Fuze utilizes SIEM tools across all hosts, cloud services, and critical infrastructure, ensuring continuous monitoring, profiling, and analysis of events and logs generated by our systems.  Regular Vulnerability Assessments and Penetration Testing (VAPT): We conduct VAPT exercises every six months to identify and address security vulnerabilities proactively. This is complemented by routine security audits to ensure compliance with industry standards.  Secure Wallet Management: Fuze employs a multi-custody solution for managing digital assets, utilizing both hot and cold wallets. Cold wallets, disconnected from the internet, offer an additional layer of protection against online threats.  Compliance with Industry Standards: Fuze adheres to international security standards, including SOC 2 Type II, ISO 27001, and NESA, ensuring our data protection practices align with the highest industry benchmarks.  Smart Contract Security: All smart contracts deployed on our platform undergo rigorous security audits and reviews to identify and mitigate potential vulnerabilities before deployment.  Continuous Monitoring and Incident Response: Our dedicated security team constantly monitors system activities for suspicious behavior and potential threats. In the event of a security incident, our team is prepared to respond promptly to minimize any potential impact.  User Privacy Protection: Fuze ensures compliance with global data privacy regulations, including GDPR and UAE data protection laws, by limiting access to personal and financial data to authorized personnel only and safeguarding it in accordance with these regulations.  These security measures, backed by a strong governance framework, protect both our clients and their customers from evolving digital security threats.",,,0,0,Totally Ineffective,,,,,,,,,,,,,,,,,
,"Is your organization certified under any security and data privacy regulations such as ISO27001, PCI-DSS, GDPR, SOC 1, SOC 2 etc",Please mention the certificate / assurance in place,Yes,"Yes, Fuze is certified under the following security and data privacy regulations:  NESA (National Electronic Security Authority)  SOC 2 Type II  ISO 27001",,,0,,,,,,,,,,,,,,,,,,,
,"Does your organization receive and maintain a formal acknowledgement (in writing) from workers, contractors, and vendors stating that they have read the privacy and information security policies? ","Please share the copy of Non Disclosure Agreesment to be signed by workers, contractors and vendors",Yes,"Yes, Fuze requires all workers, contractors, and vendors to provide formal written acknowledgment that they have read, understood, and agreed to our privacy and information security policies. This is part of our standard onboarding process and is reinforced through regular training and policy updates. By maintaining these acknowledgments, we ensure that all parties involved are fully aware of their responsibilities regarding data protection and security.",,,0,,,,,,,,,,,,,,,,,,,
,Is your organization IT infrastructure adequate to support the services required?,Please share your company Information Security Policy Share certifications related SOC2 Evidence of compliance with relevant industry standards and regulations such as GDPR etc ,Yes,"Overview of Fuze's Current System Architecture/Infrastructure:  Fuze’s system architecture is designed to meet the scalability, flexibility, and security requirements needed to support our services, while ensuring compliance with industry standards, including GDPR and other data protection regulations. Our infrastructure leverages cloud-based solutions from trusted industry providers to guarantee high availability, reliability, and rapid scaling.  Cloud Providers and Locations: Fuze utilizes AWS cloud infrastructure, primarily hosted in the me-central-1 region of AWS. This setup complies with UAE data protection laws and incorporates geographic redundancy and high availability across multiple Availability Zones (AZs). By employing this configuration, we ensure seamless operations even during disruptions while adhering to the highest standards of data security and privacy, including compliance with GDPR for EU-based customers.  Service Providers: Fuze integrates with key service providers to support our security and compliance requirements, including:  Fireblocks for custody services  Chainalysis for compliance  Notabene for Travel Rule compliance  Our platform’s architecture is flexible, supporting multiple custody providers, Travel Rule providers, and KYT/AML solutions, which allows us to offer scalable and adaptable solutions that meet the dynamic needs of our clients and regulatory standards.  Tech Stack: Fuze is built on a microservices-based architecture with a modular approach, enabling flexibility and ease of scaling. Our system is event-driven, utilizing a Pub/Sub mechanism to ensure efficient horizontal and vertical scaling. Key technologies include:  SOR and OEMS: Fuze uses an inbuilt and proprietary Order Execution Management System (OEMS) and Smart Order Routing (SOR), optimizing trade execution by considering factors like price, slippage, and volume.  APIs: We utilize REST APIs and WebSockets for real-time communication and trading.  Databases: Fuze employs high-performance databases, including PostgreSQL for transactional data, DynamoDB for high-availability document storage, and Influx for timeseries storage.  Security: Our platform integrates end-to-end encryption, multi-factor authentication (MFA), and a suite of security tools such as SIEM, IDS, and IPS to ensure comprehensive security throughout our infrastructure.  Disaster Recovery: Fuze has implemented a robust disaster recovery plan, with automatic failover and backup systems in place across multiple Availability Zones to prevent data loss. We conduct quarterly disaster recovery tests to ensure the readiness of our plan in case of critical incidents. A Business Continuity Planning (BCP) cluster is also in place to ensure continuity of operations should AWS become unavailable in the UAE.  Utilization of Smart Contracts: Smart contracts are utilized within our system for both custody and asset management, ensuring that digital assets are locked, transferred, or released only when predefined criteria are met. This provides enhanced security and ensures compliance with both internal policies and regulatory standards, including GDPR in relation to data handling.  Custody and Asset Management: Digital asset custody is managed through smart contracts, ensuring that the assets are secured and only accessible under specified conditions.  Tokenized Assets: We support the integration of tokenized real-world assets (e.g., real estate or commodities) via smart contracts, facilitating seamless and transparent transfers on the blockchain.  GDPR Compliance: Fuze is committed to maintaining the highest levels of data protection for all personal information under our control. Our infrastructure is designed with GDPR compliance in mind, ensuring that personal data is processed lawfully, transparently, and for specified purposes only. We have implemented strong security measures, including encryption, role-based access controls, and regular audits, to protect data privacy. Additionally, we ensure that data subjects’ rights, such as access, rectification, erasure, and data portability, are respected in line with GDPR requirements.  This architecture, coupled with our strict compliance to GDPR and other international standards, ensures that Fuze can deliver secure, scalable, and efficient services while upholding the highest levels of compliance and data privacy.",,,0,,,,,,,,,,,,,,,,,,,
,Are data security and privacy measures in place and documented?,Share the policy copy and Latest certifications copies including recommendations,Yes,"Yes, Fuze has comprehensive data security and privacy measures in place and fully documented. These measures are designed to safeguard personal, financial, and transaction data throughout its lifecycle, ensuring compliance with industry standards such as GDPR, ISO 27001, and SOC 2 Type II. Key security and privacy practices include:  Data Encryption: All data is encrypted both in transit and at rest, ensuring protection from unauthorized access.  Access Controls: We implement Role-Based Access Control (RBAC), ensuring that only authorized personnel have access to sensitive data based on defined roles and responsibilities.  Multi-Factor Authentication (MFA): MFA is enforced for all users accessing our platform, adding an extra layer of security to prevent unauthorized access.  Data Minimization: We ensure that only the minimum necessary data is collected, stored, and processed, in line with GDPR principles.  Incident Response and Monitoring: We have a dedicated team that continuously monitors system activity for suspicious behavior, ensuring swift response to potential security incidents.  Regular Audits: Our security infrastructure undergoes regular audits and assessments, including penetration testing and vulnerability assessments, to identify and address potential weaknesses.  Employee Training: All employees undergo mandatory training on data privacy and security policies, ensuring they are fully aware of their responsibilities in protecting sensitive data.  These measures are documented in our Information Security Management System (ISMS) and regularly reviewed to ensure that they remain effective and aligned with evolving security standards and regulations.  ",,,0,,,,,,,,,,,,,,,,,,,
,Have there been any breaches or incidents affecting the security of data or information shared ?,Incident register for last 12 months,No,"No, Fuze has not experienced any data breaches or incidents affecting the security of data or information shared. We maintain a strong security framework, conduct regular security audits, and implement best practices to prevent any security incidents. Our proactive approach to risk management and incident response ensures that client data remains secure and protected at all times.",,,0,,,,,,,,,,,,,,,,,,,
,"Do you use or have plan to use any cloud services to fulfill our requirement ? if yes, is the arrangement with cloud provider is in compliance with our in country regulatory requirements ? ","If yes, provide the CSP names including services used and SOC2 Type2 reports",Yes,"Yes, Fuze utilizes cloud services to fulfill the requirements. The arrangement with our cloud service provider (CSP) complies with in-country regulatory requirements, as Fuze operates in Dubai and is licensed by VARA.  The cloud services used include: - AWS as the primary CSP. Amazon Web Services (AWS): The solution is primarily hosted in the me-central-1 region, with secondary data centers in me-central-2 and me-central-3 within the UAE, ensuring compliance with local data residency regulations and high availability.  Fuze utilises various services within AWS: ECS (Elastic Container Service) with Docker containers for its deployment process and management of its micro-service architecture. AWS Load Balancer, AWS WAF, AWS Security Groups, RDS (Relational Database Service) and S3 (Simple Storage Service) are few of the services used in AWS.   - Fuze also manages some servers on Azure.  SOC2 type reports have been shared.",,,0,,,,,,,,,,,,,,,,,,,
,"Do you have environment segregation (Chinese wall) to assure our data is not exposed to any other customers of yours or unauthorized users ?, if yes please explain how. ",Detailed explanation by service provider,Yes,"Yes, Fuze implements environment segregation to ensure that your data is not exposed to other customers or unauthorized users.  Fuze supports both logical and physical segregation of data. Protection measures are in place to prevent unauthorized access or tampering, including Role-Based Access Control (RBAC) and Access Control Lists (ACLs). RBAC is enforced through our Single Sign-On (SSO) provider, ensuring that only users with the necessary permissions can access protected resources as defined in their ACL.  Additionally, all access to critical systems is governed by Fuze’s Zero Trust Security Model, which enforces RBAC at the DNS level and utilizes ACLs to ensure that only authorized personnel can access servers and sensitive data.",,,0,,,,,,,,,,,,,,,,,,,
,Do you have mechanism to transfer our data to other environment and securely delete from your environment if our relationship is terminated ? ,Describe the mechanisms in place for secure data transfer and communications with Mashreq stakeholders and how this is enforced.,Yes,"Yes, Fuze has provisions in place to securely transfer your data to another environment and securely delete it from our environment if our relationship is terminated.  However, please note that our regulatory requirements mandate us to retain certain data for up to 8 years. This retention period ensures compliance with legal and regulatory obligations and is part of our commitment to safeguarding data in accordance with applicable laws.",,,0,,,,,,,,,,,,,,,,,,,
,Do you  have strong controls and processes to secure our credentials which might be shared with you to connect to our environment ? ,1. Is the connectivity protected by a Firewall/VPN? 2. Are rules restricted on need to have basis? 3. Is communication encrypted through VPN or other mechanism?,Yes,"Yes, Fuze implements strong controls and processes to secure any credentials that may be shared with us to connect to your environment. The following measures are in place to ensure the security of this sensitive information:  Connectivity Protected by a Firewall/VPN: All connectivity to your environment is protected by robust firewall and VPN solutions, ensuring that only authorized traffic is allowed and preventing unauthorized access to your systems.  Rules Restricted on a Need-to-Have Basis: Access control rules are strictly enforced on a need-to-have basis. Only authorized personnel with specific roles and requirements can access sensitive resources, ensuring that data and systems remain secure.  Encrypted Communication: Communication is encrypted using VPN or other industry-standard encryption mechanisms. This ensures that all data transferred between systems is secure and protected from unauthorized access during transmission.  These measures are part of our comprehensive security framework to protect your data and ensure that credentials shared with us remain secure throughout our engagement.",,,0,,,,,,,,,,,,,,,,,,,
,If you receive PII and sensitive data from us as part of this engagement where our data will be stored and processed ? ,Please mention the process followed for storing sensitive data,Yes,"Yes, if we receive Personally Identifiable Information (PII) and sensitive data as part of this engagement, it will be stored and processed in accordance with our robust data protection protocols.  All sensitive data will be stored within our cloud infrastructure, primarily hosted in the AWS me-central-1 region in the UAE. This setup ensures compliance with UAE data protection laws and other applicable regulations.  The process for storing sensitive data includes:  Encryption at Rest and in Transit: All sensitive data is encrypted both during transmission and while stored. We utilize industry-standard encryption protocols, such as TLS/SSL for data in transit and strong encryption algorithms for data at rest.  Access Control: Sensitive data is accessible only to authorized personnel, governed by Role-Based Access Control (RBAC). This ensures that only individuals with the appropriate permissions can access or process the data.  Data Minimization: We follow the principle of data minimization, collecting and retaining only the minimum amount of sensitive data required for the engagement.  Regular Audits and Monitoring: Our systems undergo regular security audits and real-time monitoring to detect and prevent unauthorized access, ensuring the protection of sensitive data.  We also comply with relevant data privacy laws such as GDPR and UAE data protection laws, which guide our processes for the collection, storage, and processing of PII and sensitive data.",,,0,,,,,,,,,,,,,,,,,,,
,"What kind of data access that you will have such as  - PII Data: Employees, Customers, Vendors etc. - Financial Data: Transactions, financial reporting, Card Data account data etc. - Intellectual property trade-secret - Code, credentials, or any sensitive information ? ",Please provide the details on kind of access,Yes,"Fuze’s access to data during the engagement is primarily governed by the specific requirements and scope of the project. The following outlines the types of data access that may be required:  Personally Identifiable Information (PII): Access to PII may include employee, customer, or vendor information, depending on the nature of the engagement. This data will only be accessed by authorized personnel who require it for processing, analysis, or customer support, in compliance with applicable data privacy regulations (e.g., GDPR and UAE data protection laws). We ensure strict access controls, such as Role-Based Access Control (RBAC), to limit access to this sensitive data.  Financial Data: Financial data may include transactions, financial reporting, and account data. This type of access will be limited to authorized personnel who are directly involved in financial operations, reporting, or compliance activities. All access to financial data is monitored, logged, and subject to internal auditing procedures to ensure confidentiality and integrity.  Intellectual Property (IP) and Trade Secrets: Access to intellectual property (such as proprietary code, algorithms, and system credentials) will be strictly limited to authorized personnel. We follow confidentiality agreements and robust access controls to protect sensitive information. Additionally, we implement encryption and multi-factor authentication (MFA) for access to any critical systems containing IP or trade secrets.  Fuze is committed to securing and protecting all types of data we may have access to, implementing the highest standards of security to ensure compliance with legal, regulatory, and internal policy requirements.",,,0,,,,,,,,,,,,,,,,,,,
,Will the data be shared through a defined mechanism and on a scheduled frequency?,Please provide the requested details with regards to mechanism and frequency of data sharing,Yes,"Yes, data will be shared through a defined mechanism and on a scheduled frequency as agreed upon in the scope of the engagement. The sharing process will be tailored to ensure security and compliance with all regulatory requirements.  Defined Mechanism: Data will be transmitted using secure methods, such as encrypted channels (e.g., VPN, TLS/SSL), and appropriate access controls (e.g., Role-Based Access Control, Multi-Factor Authentication) will be enforced to ensure that only authorized personnel can access or receive the data.  Scheduled Frequency: The frequency of data sharing will be determined based on the specific needs of the engagement and will be outlined in the contract or service agreement. This may include daily, weekly, or monthly data transfers, or it may occur on an ad-hoc basis depending on the agreed-upon terms.  Fuze is committed to ensuring that data sharing is done securely, efficiently, and in compliance with any regulatory or contractual obligations.",,,0,,,,,,,,,,,,,,,,,,,
,Are you comfortable with us assessing the security posture of your environment to assure control assurance ?,,Yes,"Yes, Fuze is comfortable with you assessing the security posture of our environment to assure control assurance. We are committed to transparency and ensuring that our security measures meet the highest standards.  We welcome third-party audits or assessments, and we are happy to cooperate with any security evaluations you deem necessary to ensure that our environment complies with your security and regulatory requirements.",,,0,,,,,,,,,,,,,,,,,,,
,,,,,,,,,,,,,,,,,,,,,,,,,,
FINANCE,Would you able to provide recent audited financial statements?,Copy of latest audited financial statement,Yes,"2023 audited financials are available for review, 2024 will be completed by Q2 and be provided on request once available",,,0,0,Totally Ineffective,,,,,,,,,,,,,,,,,
,Is the business continuity program around this engagement adequate to prevent a material interruption in service that would introduce financial risk?,Please share copy of Business Continuity policy/framework and how it captures impact on financial risk,Yes,"Yes, Fuze maintains a robust Business Continuity Program (BCP) that is designed to ensure the continuity of services and minimize any potential financial or operational risks in the event of disruption.",,,0,,,,,,,,,,,,,,,,,,,
,Is there a set of policies and procedures that address Anti-Money Laundering obligations?,Please share prevention of fraud and corruption related policies,Yes,"Yes, Fuze has a comprehensive set of policies and procedures in place to address Anti-Money Laundering (AML) obligations. These policies are aligned with UAE regulations and global standards, including FATF guidelines.  Our AML framework includes: - Customer Due Diligence (CDD) and Enhanced Due Diligence (EDD) based on risk classification. - Ongoing monitoring of transactions to detect and report suspicious activity. - Integration with leading compliance tools such as Chainalysis and Notabene for real-time monitoring, screening, and Travel Rule compliance. - Mandatory AML training for all relevant staff to ensure awareness and compliance. - Reporting obligations to the UAE Financial Intelligence Unit (FIU), and to VARA, as and when applicable.  These measures ensure that Fuze remains fully compliant with AML regulations and helps mitigate financial crime risks throughout the engagement.  Fuze has robust fraud and corruption prevention policies in place. We enforce clear segregation of duties and strong access controls to prevent fraud and misuse of assets, and we place the highest importance on protecting both our assets and our clients' assets against theft, fraud, and misappropriation.   Fuze leverages advanced fraud detection systems that actively monitor for suspicious activities, with any unusual behavior triggering immediate investigation. Employees undergo regular training on fraud prevention and are fully aware of their responsibility to report any suspicious activity.   Additionally, Fuze maintains a strict Anti-Bribery and Anti-Corruption Policy, which prohibits any form of bribery, kickbacks, or unethical influence, and reinforces our commitment to integrity and transparency in all business dealings.",,,0,,,,,,,,,,,,,,,,,,,
,Do employees receive training on Anti-Money Laundering if applicable to the services provided?,Please share training materials ensuring the comprehensiveness and relevance of the training program ,Yes,"Yes, employees at Fuze receive structured Anti-Money Laundering (AML) training when applicable to the services they support.   This training is mandatory for all relevant roles and is conducted: - At onboarding, to ensure awareness from day one - Annually, as part of ongoing compliance and refresher programs - Ad hoc, when there are material changes in AML regulations or internal policies  The training covers AML, CTF, CPF, Sanctions laws and regulatory obligations, red flags and identification of suspicious activities, internal reporting procedures, and the use of AML compliance tools integrated into our platform.  This ensures our staff are well-equipped to uphold the highest standards of compliance in line with UAE regulations and international best practices.",,,0,,,,,,,,,,,,,,,,,,,
,,,,,,,,,,,,,,,,,,,,,,,,,,
OPERATIONAL RESILIENCE,Would you be able to provide references from current or past clients?,Please share detailed case studies highlighting similar projects with client identitites anonymized.,Yes,"Yes, Fuze is happy to provide references from current or past clients upon request. We have successfully delivered digital asset infrastructure solutions to leading banks, financial institutions, and fintechs across the UAE and the region.",,,0,0,Totally Ineffective,,,,,,,,,,,,,,,,,
,Does your company have a documented internal control environment and risk management practice?,"Please share the operational risk assessment procedure to identify and assess threats and vulnerabilities in a timely manner and to the extent possible, prevent them from affecting critical operations delivery. ",Yes,"Yes, Fuze has a well-documented internal control environment and a comprehensive risk management framework aligned with regulatory expectations and global best practices.   Fuze’s operational risk assessment procedure is grounded in the Operational Risk Management Policy, which reflects Fuze’s commitment to a systematic, dynamic, and comprehensive approach to managing operational risks.   The policy outlines a multi-faceted framework designed to identify, assess, manage, and mitigate operational risks. It ensures that risks are addressed proactively to maintain operational resilience and service excellence.  To reduce the likelihood of operational risk incidents and limit their potential impact, we have implemented a range of robust measures and controls. These include: - Advanced security systems to protect digital assets and prevent unauthorized access - The use of blockchain analytics tools such as Chainalysis to monitor transactions and detect suspicious activities - Audits and inspections are conducted to ensure compliance with internal standards and regulatory requirements - Clear segregation of duties and strong access controls to prevent fraud and misuse of assets.   To ensure business continuity in the event of a disruption, we maintain comprehensive data backup and disaster recovery plans.  In addition to preventive controls, we have a clearly defined incident management and response process to minimize the impact of any operational risk event and to prevent recurrence. All employees are required to report any incidents they observe or become aware of immediately. Once reported, the Head of Risk, together with relevant departments, will investigate the incident to determine its root cause and assess its impact. Based on the findings, mitigation actions will be implemented to address the issue and prevent similar incidents in the future.  ",,,0,,,,,,,,,,,,,,,,,,,
,Do you have a documented business continuity and disaster recovery plan?,Please share copy of Business Continuity policy/framework,Yes,"Yes, Fuze maintains a documented and regularly tested Business Continuity Plan (BCP) and Disaster Recovery Plan (DRP) to ensure the continuity of critical services and minimize operational disruptions.",,,0,,,,,,,,,,,,,,,,,,,
,Is this plan tested and updated at least annually?,Please share copy of Business Continuity policy/framework,Yes,"Yes, Fuze’s Business Continuity Plan (BCP) and Disaster Recovery Plan (DRP) are tested and updated at least annually. In addition to the annual review, we conduct quarterly disaster recovery tests to ensure the effectiveness and readiness of our systems and procedures.  These exercises validate our recovery capabilities, simulate real-world failure scenarios, and help identify any areas of improvement. Following each test, results are documented, reviewed by senior management, and incorporated into our continuous improvement process.  This disciplined approach ensures that our resilience strategies remain aligned with evolving business needs, regulatory requirements, and industry best practices.",,,0,,,,,,,,,,,,,,,,,,,
,Is there an alternative arrangement in place to account for unavailability of key vendors your organization relies on to provide services to Mashreq. ,Please share copy of Business Continuity policy/framework,Yes,"Yes, Fuze has alternative arrangements in place to mitigate the risk of unavailability of key vendors critical to service delivery. This includes:  Vendor Redundancy: Where feasible, Fuze maintains multiple providers for critical services such as custody, travel rule compliance, and KYT/AML monitoring. Our modular architecture allows for rapid switching between providers with minimal disruption.  Exit and Substitution Clauses: All key vendor contracts include provisions for continuity, including exit and substitution clauses to enable swift transition in the event of vendor failure.  Business Continuity Integration: Third-party risk is integrated into our Business Continuity Plan, and critical vendors are subject to periodic risk assessments and contingency planning.  Technical Flexibility: Our platform supports a plug-and-play model, allowing alternative vendors or services to be onboarded quickly to ensure uninterrupted service.  These measures ensure that Mashreq’s services are not adversely impacted in the event of third-party disruptions.",,,0,,,,,,,,,,,,,,,,,,,
,Are critical third parties of your organization included in Business Continuity and Disaster Recovery testing?,Please share copy of Business Continuity policy/framework,Yes,"Yes, critical third parties are included in our Business Continuity and Disaster Recovery testing, as explicitly outlined in the scope of applicability within our policy, and periodic testing and validation exercises are conducted to ensure the effectiveness of recovery procedures.",,,0,,,,,,,,,,,,,,,,,,,
,Do you have mechanism for Handling Customer Grievances?,,Yes,"Yes, Fuze has a documented and structured mechanism for handling customer grievances. Our grievance redressal process is designed to ensure that all customer concerns are acknowledged, investigated, and resolved in a timely and transparent manner. Key components include:  Dedicated Support Channels: Customers can raise concerns through email, phone, or our in-app support system. Each grievance is logged and tracked through a centralized case management system.  Acknowledgement and Response SLAs: Grievances are acknowledged within 24 hours, with resolution timelines governed by pre-defined service level agreements (SLAs) based on severity and complexity.  Escalation Matrix: An escalation framework is in place to ensure unresolved issues are promptly addressed by senior management.  Root Cause Analysis and Continuous Improvement: We conduct root cause analysis for critical complaints and integrate findings into our product and process improvement cycles.  Regulatory Compliance: Our grievance mechanism complies with the guidelines issued by regulatory authorities such as VARA and ensures customer protection in line with industry best practices.  This structured approach helps us maintain a high standard of customer satisfaction and accountability.",,,0,,,,,,,,,,,,,,,,,,,
,Do you have a documented process for issue escalation and resolution?,Please share documented process for issue escalation and resolution,Yes,"Yes, Fuze has a clearly defined and documented process for issue escalation and resolution to ensure timely handling of operational, technical, or service-related matters.  Key elements of the process include:  Tiered Escalation Levels: Issues are categorized by severity and are escalated through a structured hierarchy—starting from frontline support to functional heads and, if required, to executive management.  Defined SLAs: Each escalation tier is governed by predefined Service Level Agreements (SLAs) to ensure timely acknowledgment, response, and resolution.  Incident Logging & Tracking: All issues are logged in our internal case management system for tracking, accountability, and audit purposes.  Cross-Functional Coordination: For complex issues, cross-functional teams are engaged to facilitate root cause analysis and rapid resolution.  Regular Reviews and Reporting: Issue trends and resolution performance are reviewed periodically by senior management to improve system and process robustness.  This structured escalation framework ensures transparency, accountability, and prompt resolution of issues in line with best practices and regulatory expectations.",,,0,,,,,,,,,,,,,,,,,,,
,"Does your organization implemented a policy and supporting security measures to protect personal information accessed, processed, or stored at teleworking sites? ",,Yes,"Yes, Fuze is committed to ensuring the security and privacy of personal information, including when accessed, processed, or stored at teleworking sites. As a broker-dealer regulated by the Virtual Asset Regulatory Authority (VARA), we adhere to the Federal Decree-Law No. 45 of 2021 on the Protection of Personal Data (PDPL 2021) and relevant VARA regulations. Our Data Protection Policy outlines the comprehensive measures in place to secure personal data in line with these legal obligations.  To protect personal data from unauthorized access, disclosure, alteration, or destruction, we implement robust technical and organizational security controls. This includes: - encrypted connections for remote access - endpoint protection - secure data storage environments  Access to personal data is strictly limited to authorized personnel on a need-to-know basis, and employees are regularly trained on data privacy and security practices to reinforce our commitment to safeguarding client information.  Data stored at teleworking sites is subject to the same security standards as on-premise environments, with regular backups created to prevent data loss.  In addition, our technology governance and risk assessment framework is designed to comply, to the extent applicable, with relevant cybersecurity laws, regulatory requirements, and industry guidelines. This includes compliance with the electronic security standards adopted by the Dubai Electronic Security Center under Dubai Law No. 9 of 2022 regulating the provision of digital services in Dubai. We also ensure adherence to Federal-Decree Law No. 45 of 2021 on the Protection of Personal Data and its executive regulations, as well as any cybersecurity mandates issued by the Federal Data Office. Furthermore, our practices align with the Consumer Protection Regulation issued pursuant to Central Bank Notice No. 444 of 2021, and any additional cybersecurity requirements as may be introduced by the Central Bank of the UAE.  Fuze has appointed a Data Protection Officer (DPO) to oversee the implementation of the Data Protection Policy, ensure compliance with the PDPL 2021 and act as a primary point of contact for data subjects and relevant authorities regarding data protection matters.",,,0,,,,,,,,,,,,,,,,,,,
,Do you perform background verification for new hires (on-roll and third-party employees)?,Please share Background Verification (BGV) process and sample BGV Verification ,Yes,"Yes, Fuze performs comprehensive background verification for all new hires, including both on-roll employees and third-party contractors.  The verification process includes: - Identity Verification - Educational Qualification Check - Employment History Validation - Criminal Record Check (where permitted by law) - Sanctions and Watchlist Screening  These checks are conducted either in-house or via a certified background verification agency and are aligned with local labor laws and industry best practices. Verification results are documented and retained as part of the employee onboarding records.",,,0,,,,,,,,,,,,,,,,,,,
,Has your company been involved in any pending or actual termination proceedings with other parties?,,No,Fuze does not have any contentious termination proceedings with any of its partners and clients.,,,0,,,,,,,,,,,,,,,,,,,
,,,,,,,,,,,,,,,,,,,,,,,,,,
STRATEGIC,Does your company possess the required technical capabilities for the services being outsourced?,Please share detailed case studies and examples of similar projects completed. List the technology tools and platforms used for delivering services. Please share feedback or testimonials from clients on technical capabilities ensuring client identitites are anonymized.,Yes,"Yes, Fuze possesses the technical capabilities required to deliver the services being outsourced. We are a regulated and licensed Virtual Asset Service Provider (VASP) in Dubai with a deep focus on secure infrastructure, API-first architecture, and regulatory-grade compliance. Below is a detailed overview of our technical credentials, experience, and tools:  1. Case Studies and Project Examples Case Study A – Tier-1 UAE Bank (Retail Crypto Investment Platform): Fuze powers the digital asset investment platform for a leading UAE retail bank, enabling users to access crypto seamlessly through their banking app. Scope Included:  Seamless KYC-reliant onboarding via Fuze APIs  Fiat-to-crypto trade execution with best-price routing  Secure custody  Live price feeds and portfolio management  FuzeOS for program control  Advanced controls for risk management  Over 300 virtual assets  Launch completed in less than 6 months, driving 25% of new sign-ups to digital assets  99.999% uptime   Case Study B – UAE Bank (Shariya Compliant): Fuze built and launched a fully shariya compliant closed-loop infrastructure for crypto investment. Scope Included:  Regulatory coordination with VARA and CBUAE  Shariya board approval  Closed-loop model to eliminate risk  Fully API-driven, allowing future expansion into tokenized assets  2. Technology Tools and Platforms Fuze operates a modular and scalable platform built on best-in-class infrastructure:  Infrastructure: AWS (me-central-1) — scalable, secure, and compliant with UAE data residency regulations  Custody: Fireblocks (multi-party computation-based custody), with support for additional providers  Compliance: Chainalysis (KYT & transaction monitoring), Notabene (Travel Rule), Elliptic  Core Architecture: Microservices-based event-driven Pub/Sub architecture  APIs: REST & WebSocket for real-time order management and trade execution  Databases: PostgreSQL, DynamoDB, InfluxDB for timeseries data  Security: End-to-end encryption, MFA, SIEM, IDS/IPS, RBAC  SOR/OEMS: Proprietary Smart Order Router and Order Execution Management System ensuring best execution across venues  3. Client Feedback & Testimonials (Anonymized) “Fuze’s tech stack was the most robust and well-documented among the vendors we evaluated. Their modular APIs made integration straightforward and their support was proactive throughout.” — UAE Regulated Bank, Digital Channels Head  “The speed with which Fuze was able to launch the platform while maintaining compliance and security was exceptional. — CEO of UAE Bank ",,,0,0,Totally Ineffective,,,,,,,,,,,,,,,,,
,Is the strategic importance of this engagement significant in supporting the Bank's objectives?,,Yes,"Yes, the strategic importance of this engagement is significant in supporting the Bank’s objectives.  Fuze plays a critical role in enabling secure, compliant, and scalable access to digital assets — a key innovation pillar for forward-looking banks. By partnering with Fuze, the Bank can accelerate its digital transformation strategy, expand its offerings in virtual assets, and meet the evolving demands of both retail and institutional customers. This collaboration directly supports the Bank’s objectives around:  Customer Experience & Retention: Offering modern, compliant digital asset services within existing banking channels.  Revenue Diversification: Opening new income streams through crypto trading, custody, and investment products.  Regulatory Confidence: Leveraging Fuze’s VARA license and compliant-by-design infrastructure to de-risk innovation.  Operational Efficiency: Reducing time-to-market and technology overhead via Fuze’s modular, API-first architecture.  In summary, this engagement aligns with and advances the Bank’s mission to remain at the forefront of financial innovation while maintaining the highest standards of risk and regulatory compliance.",,,0,,,,,,,,,,,,,,,,,,,
,Is this engagement type unique within the market?,,No,"No, this engagement type is not unique within the market.  However, what differentiates Fuze is the depth of integration, regulatory alignment, and breadth of capabilities offered through a single platform. While other providers may offer components such as custody or trading, Fuze delivers a comprehensive, end-to-end solution covering onboarding (KYC reliance), pricing (SOR + OEMS), custody (multi-party, multi-region), and compliance (Travel Rule, KYT, AML) — all within a secure and scalable infrastructure licensed under VARA.  This combination ensures that while the engagement model itself may be familiar, the execution and value Fuze delivers are meaningfully differentiated in the regional market.",,,0,,,,,,,,,,,,,,,,,,,
,Would the service delivered directly impacts or supports key strategic initiatives of Bank ?,,Yes,"Yes, the service delivered by Fuze directly impacts and supports key strategic initiatives of the Bank.  By integrating digital asset infrastructure into the Bank’s ecosystem, Fuze enables the Bank to:  Expand Digital Offerings: Introduce regulated virtual asset services such as trading, custody, and investment products.  Strengthen Customer Engagement: Attract and retain a younger, tech-savvy demographic increasingly seeking access to crypto and tokenized assets.  Accelerate Innovation: Position the Bank as a forward-looking institution at the forefront of financial technology.  Ensure Regulatory Compliance: Operate within a fully licensed and compliant framework under VARA, reducing regulatory risk while innovating.  Enhance Operational Resilience: Leverage Fuze’s secure, scalable infrastructure and robust APIs to minimize time-to-market and enhance service delivery.  This alignment ensures that the partnership with Fuze supports the Bank’s long-term growth, competitiveness, and digital transformation objectives.",,,0,,,,,,,,,,,,,,,,,,,
,,,,,,,,,,,,,,,,,,,,,,,,,,
SUB-CONTRACTOR,Would  you subcontract any part of the service?,Please attach list containing the names and description of these service providers.,Yes,"Yes, Fuze works with industry-leading service providers to fulfill various parts of the broker-dealer service offered.  A. Custody - Hot and cold wallet infrastructure Fireblocks - Hot wallet custody technology infrastructure and the first to achieve a Cryptocurrency Security Standard (CCSS) Qualified Service Provider Level 3 certification by the Cryptocurrency Certification Consortium (C4)                                                                  HexTrust - Leading hot and cold wallet institutional custodian licensed by VARA Tungsten - UAE-based cold wallet institutional custodian licensed by FSRA  B. Onboarding and Screening  Refinitiv Worldcheck - Sanctions screening tool by the London Stock Exchange Group  Comply Advantage - API-first sanctions screening service Sumsub - Document and identity verification service   C. On-chain compliance  Chainalysis: World’s leading on-chain compliance and investigation provider.   D. Travel Rule  Notabene: Travel rule network to enable seamless originator-beneficiary data transfers between VASPs HexTrust - Hot and cold wallet institutional custodian licensed by VARA Tungsten - Cold wallet institutional custodian licensed by FSRA ",,,0,0,Totally Ineffective,,,,,,,,,,,,,,,,,
,Does your contract with subcontractors covers the standard requirements at minimum: i. Cyber Security and Data Privacy Requirements  ii. Communication protocols  iii. Exception handling procedures  iv. Service level requirements v. NDA/ Confidentiality agreement,,Yes,"Yes, Fuze carries out a comprehensive Vendor Due Diligence as a part of its Vendor Onboarding Process, in line with regulatory requirements. Every Vendor declares detailed data around different aspects of its overall offering, covering security and privacy postures, SLAs, regulatory details and communication protocols. These details are stored and made available to regulators on demand. A detailed Outsourcing Policy lays out all the procedures and verifications carried out by Fuze. ",,,0,,,,,,,,,,,,,,,,,,,
,,,,,,,,,,,,,,,,,,,,,,,,,,
SUSTAINABILITY,"Does your organization have an established sustainability program or procedure approved by the management which includes Environmental, Social, and Corporate Governance (ESG)?"," Sustainability program or procedure approved by the management which includes Environmental, Social, and Corporate Governance (ESG",No,"During the licensing process, VARA had exempted Morpheus Software Technology FZE from ESG reporting, therefore, this is not applicable",,,0,0,Totally Ineffective,,,,,,,,,,,,,,,,,
,Does your organization take steps to manage and mitigate the effects of climate-related risks and opportunities within its operations and supply chain?,,Yes,"Yes, our organization actively manages and mitigates climate-related risks and opportunities across our operations and supply chain through sustainable practices and responsible sourcing.",,,0,,,,,,,,,,,,,,,,,,,
,Does your organization have a history of facing any legal or regulatory actions or fines related to climate issues?,,No,"No, our organization has no history of facing any legal or regulatory actions, fines, or investigations related to climate or environmental issues.",,,0,,,,,,,,,,,,,,,,,,,
,,,,,,,,,,,,,,,,,,,,,,,,,,
,,,,,,,OVERALL RATING,0,Totally Ineffective,,,,,,,,,,,,,,,,,
,,,,,,,,,,,,,,,,,,,,,,,,,,
,,,,,,,,,,,,,,,,,,,,,,,,,,
,,,,,,,,,,,,,,,,,,,,,,,,,,
,,,,,,,,,,,,,,,,,,,,,,,,,,
,,,,,,,,,,,,,,,,,,,,,,,,,,
,,,,,,,,,,,,,,,,,,,,,,,,,,
,,,,,,,,,,,,,,,,,,,,,,,,,,
,,,,,,,,,,,,,,,,,,,,,,,,,,
,,,,,,,,,,,,,,,,,,,,,,,,,,
,,,,,,,,,,,,,,,,,,,,,,,,,,
,,,,,,,,,,,,,,,,,,,,,,,,,,
,,,,,,,,,,,,,,,,,,,,,,,,,,
,,,,,,,,,,,,,,,,,,,,,,,,,,
,,,,,,,,,,,,,,,,,,,,,,,,,,
,,,,,,,,,,,,,,,,,,,,,,,,,,
,,,,,,,,,,,,,,,,,,,,,,,,,,
,,,,,,,,,,,,,,,,,,,,,,,,,,
,,,,,,,,,,,,,,,,,,,,,,,,,,
,,,,,,,,,,,,,,,,,,,,,,,,,,
,,,,,,,,,,,,,,,,,,,,,,,,,,
,,,,,,,,,,,,,,,,,,,,,,,,,,
,,,,,,,,,,,,,,,,,,,,,,,,,,
,,,,,,,,,,,,,,,,,,,,,,,,,,
,,,,,,,,,,,,,,,,,,,,,,,,,,
,,,,,,,,,,,,,,,,,,,,,,,,,,
,,,,,,,,,,,,,,,,,,,,,,,,,,
,,,,,,,,,,,,,,,,,,,,,,,,,,
,,,,,,,,,,,,,,,,,,,,,,,,,,
,,,,,,,,,,,,,,,,,,,,,,,,,,
,,,,,,,,,,,,,,,,,,,,,,,,,,
,,,,,,,,,,,,,,,,,,,,,,,,,,
,,,,,,,,,,,,,,,,,,,,,,,,,,
,,,,,,,,,,,,,,,,,,,,,,,,,,
,,,,,,,,,,,,,,,,,,,,,,,,,,
,,,,,,,,,,,,,,,,,,,,,,,,,,
,,,,,,,,,,,,,,,,,,,,,,,,,,
,,,,,,,,,,,,,,,,,,,,,,,,,,
,,,,,,,,,,,,,,,,,,,,,,,,,,
,,,,,,,,,,,,,,,,,,,,,,,,,,
,,,,,,,,,,,,,,,,,,,,,,,,,,
,,,,,,,,,,,,,,,,,,,,,,,,,,
,,,,,,,,,,,,,,,,,,,,,,,,,,
,,,,,,,,,,,,,,,,,,,,,,,,,,
,,,,,,,,,,,,,,,,,,,,,,,,,,
,,,,,,,,,,,,,,,,,,,,,,,,,,
,,,,,,,,,,,,,,,,,,,,,,,,,,
,,,,,,,,,,,,,,,,,,,,,,,,,,
,,,,,,,,,,,,,,,,,,,,,,,,,,
,,,,,,,,,,,,,,,,,,,,,,,,,,
,,,,,,,,,,,,,,,,,,,,,,,,,,
,,,,,,,,,,,,,,,,,,,,,,,,,,
,,,,,,,,,,,,,,,,,,,,,,,,,,
,,,,,,,,,,,,,,,,,,,,,,,,,,
,,,,,,,,,,,,,,,,,,,,,,,,,,
,,,,,,,,,,,,,,,,,,,,,,,,,,
,,,,,,,,,,,,,,,,,,,,,,,,,,
,,,,,,,,,,,,,,,,,,,,,,,,,,
,,,,,,,,,,,,,,,,,,,,,,,,,,
,,,,,,,,,,,,,,,,,,,,,,,,,,
,,,,,,,,,,,,,,,,,,,,,,,,,,
,,,,,,,,,,,,,,,,,,,,,,,,,,
,,,,,,,,,,,,,,,,,,,,,,,,,,
,,,,,,,,,,,,,,,,,,,,,,,,,,
,,,,,,,,,,,,,,,,,,,,,,,,,,
,,,,,,,,,,,,,,,,,,,,,,,,,,
,,,,,,,,,,,,,,,,,,,,,,,,,,
,,,,,,,,,,,,,,,,,,,,,,,,,,
,,,,,,,,,,,,,,,,,,,,,,,,,,
,,,,,,,,,,,,,,,,,,,,,,,,,,
,,,,,,,,,,,,,,,,,,,,,,,,,,
,,,,,,,,,,,,,,,,,,,,,,,,,,
,,,,,,,,,,,,,,,,,,,,,,,,,,
,,,,,,,,,,,,,,,,,,,,,,,,,,
,,,,,,,,,,,,,,,,,,,,,,,,,,
,,,,,,,,,,,,,,,,,,,,,,,,,,
,,,,,,,,,,,,,,,,,,,,,,,,,,
,,,,,,,,,,,,,,,,,,,,,,,,,,
,,,,,,,,,,,,,,,,,,,,,,,,,,
,,,,,,,,,,,,,,,,,,,,,,,,,,
,,,,,,,,,,,,,,,,,,,,,,,,,,
,,,,,,,,,,,,,,,,,,,,,,,,,,
,,,,,,,,,,,,,,,,,,,,,,,,,,
,,,,,,,,,,,,,,,,,,,,,,,,,,
,,,,,,,,,,,,,,,,,,,,,,,,,,
,,,,,,,,,,,,,,,,,,,,,,,,,,
,,,,,,,,,,,,,,,,,,,,,,,,,,
,,,,,,,,,,,,,,,,,,,,,,,,,,
,,,,,,,,,,,,,,,,,,,,,,,,,,
,,,,,,,,,,,,,,,,,,,,,,,,,,
,,,,,,,,,,,,,,,,,,,,,,,,,,
,,,,,,,,,,,,,,,,,,,,,,,,,,
,,,,,,,,,,,,,,,,,,,,,,,,,,
,,,,,,,,,,,,,,,,,,,,,,,,,,
,,,,,,,,,,,,,,,,,,,,,,,,,,
,,,,,,,,,,,,,,,,,,,,,,,,,,
,,,,,,,,,,,,,,,,,,,,,,,,,,
,,,,,,,,,,,,,,,,,,,,,,,,,,
,,,,,,,,,,,,,,,,,,,,,,,,,,
,,,,,,,,,,,,,,,,,,,,,,,,,,
,,,,,,,,,,,,,,,,,,,,,,,,,,
,,,,,,,,,,,,,,,,,,,,,,,,,,
,,,,,,,,,,,,,,,,,,,,,,,,,,
,,,,,,,,,,,,,,,,,,,,,,,,,,
,,,,,,,,,,,,,,,,,,,,,,,,,,
,,,,,,,,,,,,,,,,,,,,,,,,,,
,,,,,,,,,,,,,,,,,,,,,,,,,,
,,,,,,,,,,,,,,,,,,,,,,,,,,
,,,,,,,,,,,,,,,,,,,,,,,,,,
,,,,,,,,,,,,,,,,,,,,,,,,,,
,,,,,,,,,,,,,,,,,,,,,,,,,,
,,,,,,,,,,,,,,,,,,,,,,,,,,
,,,,,,,,,,,,,,,,,,,,,,,,,,
,,,,,,,,,,,,,,,,,,,,,,,,,,
,,,,,,,,,,,,,,,,,,,,,,,,,,
,,,,,,,,,,,,,,,,,,,,,,,,,,
,,,,,,,,,,,,,,,,,,,,,,,,,,
,,,,,,,,,,,,,,,,,,,,,,,,,,
,,,,,,,,,,,,,,,,,,,,,,,,,,
,,,,,,,,,,,,,,,,,,,,,,,,,,
,,,,,,,,,,,,,,,,,,,,,,,,,,
,,,,,,,,,,,,,,,,,,,,,,,,,,
,,,,,,,,,,,,,,,,,,,,,,,,,,
,,,,,,,,,,,,,,,,,,,,,,,,,,
,,,,,,,,,,,,,,,,,,,,,,,,,,
,,,,,,,,,,,,,,,,,,,,,,,,,,
,,,,,,,,,,,,,,,,,,,,,,,,,,
,,,,,,,,,,,,,,,,,,,,,,,,,,
,,,,,,,,,,,,,,,,,,,,,,,,,,
,,,,,,,,,,,,,,,,,,,,,,,,,,
,,,,,,,,,,,,,,,,,,,,,,,,,,
,,,,,,,,,,,,,,,,,,,,,,,,,,
,,,,,,,,,,,,,,,,,,,,,,,,,,
,,,,,,,,,,,,,,,,,,,,,,,,,,
,,,,,,,,,,,,,,,,,,,,,,,,,,
,,,,,,,,,,,,,,,,,,,,,,,,,,
,,,,,,,,,,,,,,,,,,,,,,,,,,
,,,,,,,,,,,,,,,,,,,,,,,,,,
,,,,,,,,,,,,,,,,,,,,,,,,,,
,,,,,,,,,,,,,,,,,,,,,,,,,,
,,,,,,,,,,,,,,,,,,,,,,,,,,
,,,,,,,,,,,,,,,,,,,,,,,,,,
,,,,,,,,,,,,,,,,,,,,,,,,,,
,,,,,,,,,,,,,,,,,,,,,,,,,,
,,,,,,,,,,,,,,,,,,,,,,,,,,
,,,,,,,,,,,,,,,,,,,,,,,,,,
,,,,,,,,,,,,,,,,,,,,,,,,,,
,,,,,,,,,,,,,,,,,,,,,,,,,,
,,,,,,,,,,,,,,,,,,,,,,,,,,
,,,,,,,,,,,,,,,,,,,,,,,,,,
,,,,,,,,,,,,,,,,,,,,,,,,,,
,,,,,,,,,,,,,,,,,,,,,,,,,,
,,,,,,,,,,,,,,,,,,,,,,,,,,
,,,,,,,,,,,,,,,,,,,,,,,,,,
,,,,,,,,,,,,,,,,,,,,,,,,,,
,,,,,,,,,,,,,,,,,,,,,,,,,,
,,,,,,,,,,,,,,,,,,,,,,,,,,
,,,,,,,,,,,,,,,,,,,,,,,,,,
,,,,,,,,,,,,,,,,,,,,,,,,,,
,,,,,,,,,,,,,,,,,,,,,,,,,,
,,,,,,,,,,,,,,,,,,,,,,,,,,
,,,,,,,,,,,,,,,,,,,,,,,,,,
,,,,,,,,,,,,,,,,,,,,,,,,,,
,,,,,,,,,,,,,,,,,,,,,,,,,,
,,,,,,,,,,,,,,,,,,,,,,,,,,
,,,,,,,,,,,,,,,,,,,,,,,,,,
,,,,,,,,,,,,,,,,,,,,,,,,,,
,,,,,,,,,,,,,,,,,,,,,,,,,,
,,,,,,,,,,,,,,,,,,,,,,,,,,
,,,,,,,,,,,,,,,,,,,,,,,,,,
,,,,,,,,,,,,,,,,,,,,,,,,,,
,,,,,,,,,,,,,,,,,,,,,,,,,,
,,,,,,,,,,,,,,,,,,,,,,,,,,
,,,,,,,,,,,,,,,,,,,,,,,,,,
,,,,,,,,,,,,,,,,,,,,,,,,,,
,,,,,,,,,,,,,,,,,,,,,,,,,,
,,,,,,,,,,,,,,,,,,,,,,,,,,
,,,,,,,,,,,,,,,,,,,,,,,,,,
,,,,,,,,,,,,,,,,,,,,,,,,,,
,,,,,,,,,,,,,,,,,,,,,,,,,,
,,,,,,,,,,,,,,,,,,,,,,,,,,
,,,,,,,,,,,,,,,,,,,,,,,,,,
,,,,,,,,,,,,,,,,,,,,,,,,,,
,,,,,,,,,,,,,,,,,,,,,,,,,,
,,,,,,,,,,,,,,,,,,,,,,,,,,
,,,,,,,,,,,,,,,,,,,,,,,,,,
,,,,,,,,,,,,,,,,,,,,,,,,,,
,,,,,,,,,,,,,,,,,,,,,,,,,,
,,,,,,,,,,,,,,,,,,,,,,,,,,
,,,,,,,,,,,,,,,,,,,,,,,,,,
,,,,,,,,,,,,,,,,,,,,,,,,,,
,,,,,,,,,,,,,,,,,,,,,,,,,,
,,,,,,,,,,,,,,,,,,,,,,,,,,
,,,,,,,,,,,,,,,,,,,,,,,,,,
,,,,,,,,,,,,,,,,,,,,,,,,,,
,,,,,,,,,,,,,,,,,,,,,,,,,,
,,,,,,,,,,,,,,,,,,,,,,,,,,
,,,,,,,,,,,,,,,,,,,,,,,,,,
,,,,,,,,,,,,,,,,,,,,,,,,,,
,,,,,,,,,,,,,,,,,,,,,,,,,,
,,,,,,,,,,,,,,,,,,,,,,,,,,
,,,,,,,,,,,,,,,,,,,,,,,,,,
,,,,,,,,,,,,,,,,,,,,,,,,,,
,,,,,,,,,,,,,,,,,,,,,,,,,,
,,,,,,,,,,,,,,,,,,,,,,,,,,
,,,,,,,,,,,,,,,,,,,,,,,,,,
,,,,,,,,,,,,,,,,,,,,,,,,,,
,,,,,,,,,,,,,,,,,,,,,,,,,,
,,,,,,,,,,,,,,,,,,,,,,,,,,
,,,,,,,,,,,,,,,,,,,,,,,,,,
,,,,,,,,,,,,,,,,,,,,,,,,,,
,,,,,,,,,,,,,,,,,,,,,,,,,,
,,,,,,,,,,,,,,,,,,,,,,,,,,
,,,,,,,,,,,,,,,,,,,,,,,,,,
,,,,,,,,,,,,,,,,,,,,,,,,,,
,,,,,,,,,,,,,,,,,,,,,,,,,,
,,,,,,,,,,,,,,,,,,,,,,,,,,
,,,,,,,,,,,,,,,,,,,,,,,,,,
,,,,,,,,,,,,,,,,,,,,,,,,,,
,,,,,,,,,,,,,,,,,,,,,,,,,,
,,,,,,,,,,,,,,,,,,,,,,,,,,
,,,,,,,,,,,,,,,,,,,,,,,,,,
,,,,,,,,,,,,,,,,,,,,,,,,,,
,,,,,,,,,,,,,,,,,,,,,,,,,,
,,,,,,,,,,,,,,,,,,,,,,,,,,
,,,,,,,,,,,,,,,,,,,,,,,,,,
,,,,,,,,,,,,,,,,,,,,,,,,,,
,,,,,,,,,,,,,,,,,,,,,,,,,,
,,,,,,,,,,,,,,,,,,,,,,,,,,
,,,,,,,,,,,,,,,,,,,,,,,,,,
,,,,,,,,,,,,,,,,,,,,,,,,,,
,,,,,,,,,,,,,,,,,,,,,,,,,,
,,,,,,,,,,,,,,,,,,,,,,,,,,
,,,,,,,,,,,,,,,,,,,,,,,,,,
,,,,,,,,,,,,,,,,,,,,,,,,,,
,,,,,,,,,,,,,,,,,,,,,,,,,,
,,,,,,,,,,,,,,,,,,,,,,,,,,
,,,,,,,,,,,,,,,,,,,,,,,,,,
,,,,,,,,,,,,,,,,,,,,,,,,,,
,,,,,,,,,,,,,,,,,,,,,,,,,,
,,,,,,,,,,,,,,,,,,,,,,,,,,
,,,,,,,,,,,,,,,,,,,,,,,,,,
,,,,,,,,,,,,,,,,,,,,,,,,,,
,,,,,,,,,,,,,,,,,,,,,,,,,,
,,,,,,,,,,,,,,,,,,,,,,,,,,
,,,,,,,,,,,,,,,,,,,,,,,,,,
,,,,,,,,,,,,,,,,,,,,,,,,,,
,,,,,,,,,,,,,,,,,,,,,,,,,,
,,,,,,,,,,,,,,,,,,,,,,,,,,
,,,,,,,,,,,,,,,,,,,,,,,,,,
,,,,,,,,,,,,,,,,,,,,,,,,,,
,,,,,,,,,,,,,,,,,,,,,,,,,,
,,,,,,,,,,,,,,,,,,,,,,,,,,
,,,,,,,,,,,,,,,,,,,,,,,,,,
,,,,,,,,,,,,,,,,,,,,,,,,,,
,,,,,,,,,,,,,,,,,,,,,,,,,,
,,,,,,,,,,,,,,,,,,,,,,,,,,
,,,,,,,,,,,,,,,,,,,,,,,,,,
,,,,,,,,,,,,,,,,,,,,,,,,,,
,,,,,,,,,,,,,,,,,,,,,,,,,,
,,,,,,,,,,,,,,,,,,,,,,,,,,
,,,,,,,,,,,,,,,,,,,,,,,,,,
,,,,,,,,,,,,,,,,,,,,,,,,,,
,,,,,,,,,,,,,,,,,,,,,,,,,,
,,,,,,,,,,,,,,,,,,,,,,,,,,
,,,,,,,,,,,,,,,,,,,,,,,,,,
,,,,,,,,,,,,,,,,,,,,,,,,,,
,,,,,,,,,,,,,,,,,,,,,,,,,,
,,,,,,,,,,,,,,,,,,,,,,,,,,
,,,,,,,,,,,,,,,,,,,,,,,,,,
,,,,,,,,,,,,,,,,,,,,,,,,,,
,,,,,,,,,,,,,,,,,,,,,,,,,,
,,,,,,,,,,,,,,,,,,,,,,,,,,
,,,,,,,,,,,,,,,,,,,,,,,,,,
,,,,,,,,,,,,,,,,,,,,,,,,,,
,,,,,,,,,,,,,,,,,,,,,,,,,,
,,,,,,,,,,,,,,,,,,,,,,,,,,
,,,,,,,,,,,,,,,,,,,,,,,,,,
,,,,,,,,,,,,,,,,,,,,,,,,,,
,,,,,,,,,,,,,,,,,,,,,,,,,,
,,,,,,,,,,,,,,,,,,,,,,,,,,
,,,,,,,,,,,,,,,,,,,,,,,,,,
,,,,,,,,,,,,,,,,,,,,,,,,,,
,,,,,,,,,,,,,,,,,,,,,,,,,,
,,,,,,,,,,,,,,,,,,,,,,,,,,
,,,,,,,,,,,,,,,,,,,,,,,,,,
,,,,,,,,,,,,,,,,,,,,,,,,,,
,,,,,,,,,,,,,,,,,,,,,,,,,,
,,,,,,,,,,,,,,,,,,,,,,,,,,
,,,,,,,,,,,,,,,,,,,,,,,,,,
,,,,,,,,,,,,,,,,,,,,,,,,,,
,,,,,,,,,,,,,,,,,,,,,,,,,,
,,,,,,,,,,,,,,,,,,,,,,,,,,
,,,,,,,,,,,,,,,,,,,,,,,,,,
,,,,,,,,,,,,,,,,,,,,,,,,,,
,,,,,,,,,,,,,,,,,,,,,,,,,,
,,,,,,,,,,,,,,,,,,,,,,,,,,
,,,,,,,,,,,,,,,,,,,,,,,,,,
,,,,,,,,,,,,,,,,,,,,,,,,,,
,,,,,,,,,,,,,,,,,,,,,,,,,,
,,,,,,,,,,,,,,,,,,,,,,,,,,
,,,,,,,,,,,,,,,,,,,,,,,,,,
,,,,,,,,,,,,,,,,,,,,,,,,,,
,,,,,,,,,,,,,,,,,,,,,,,,,,
,,,,,,,,,,,,,,,,,,,,,,,,,,
,,,,,,,,,,,,,,,,,,,,,,,,,,
,,,,,,,,,,,,,,,,,,,,,,,,,,
,,,,,,,,,,,,,,,,,,,,,,,,,,
,,,,,,,,,,,,,,,,,,,,,,,,,,
,,,,,,,,,,,,,,,,,,,,,,,,,,
,,,,,,,,,,,,,,,,,,,,,,,,,,
,,,,,,,,,,,,,,,,,,,,,,,,,,
,,,,,,,,,,,,,,,,,,,,,,,,,,
,,,,,,,,,,,,,,,,,,,,,,,,,,
,,,,,,,,,,,,,,,,,,,,,,,,,,
,,,,,,,,,,,,,,,,,,,,,,,,,,
,,,,,,,,,,,,,,,,,,,,,,,,,,
,,,,,,,,,,,,,,,,,,,,,,,,,,
,,,,,,,,,,,,,,,,,,,,,,,,,,
,,,,,,,,,,,,,,,,,,,,,,,,,,
,,,,,,,,,,,,,,,,,,,,,,,,,,
,,,,,,,,,,,,,,,,,,,,,,,,,,
,,,,,,,,,,,,,,,,,,,,,,,,,,
,,,,,,,,,,,,,,,,,,,,,,,,,,
,,,,,,,,,,,,,,,,,,,,,,,,,,
,,,,,,,,,,,,,,,,,,,,,,,,,,
,,,,,,,,,,,,,,,,,,,,,,,,,,
,,,,,,,,,,,,,,,,,,,,,,,,,,
,,,,,,,,,,,,,,,,,,,,,,,,,,
,,,,,,,,,,,,,,,,,,,,,,,,,,
,,,,,,,,,,,,,,,,,,,,,,,,,,
,,,,,,,,,,,,,,,,,,,,,,,,,,
,,,,,,,,,,,,,,,,,,,,,,,,,,
,,,,,,,,,,,,,,,,,,,,,,,,,,
,,,,,,,,,,,,,,,,,,,,,,,,,,
,,,,,,,,,,,,,,,,,,,,,,,,,,
,,,,,,,,,,,,,,,,,,,,,,,,,,
,,,,,,,,,,,,,,,,,,,,,,,,,,
,,,,,,,,,,,,,,,,,,,,,,,,,,
,,,,,,,,,,,,,,,,,,,,,,,,,,
,,,,,,,,,,,,,,,,,,,,,,,,,,
,,,,,,,,,,,,,,,,,,,,,,,,,,
,,,,,,,,,,,,,,,,,,,,,,,,,,
,,,,,,,,,,,,,,,,,,,,,,,,,,
,,,,,,,,,,,,,,,,,,,,,,,,,,
,,,,,,,,,,,,,,,,,,,,,,,,,,
,,,,,,,,,,,,,,,,,,,,,,,,,,
,,,,,,,,,,,,,,,,,,,,,,,,,,
,,,,,,,,,,,,,,,,,,,,,,,,,,
,,,,,,,,,,,,,,,,,,,,,,,,,,
,,,,,,,,,,,,,,,,,,,,,,,,,,
,,,,,,,,,,,,,,,,,,,,,,,,,,
,,,,,,,,,,,,,,,,,,,,,,,,,,
,,,,,,,,,,,,,,,,,,,,,,,,,,
,,,,,,,,,,,,,,,,,,,,,,,,,,
,,,,,,,,,,,,,,,,,,,,,,,,,,
,,,,,,,,,,,,,,,,,,,,,,,,,,
,,,,,,,,,,,,,,,,,,,,,,,,,,
,,,,,,,,,,,,,,,,,,,,,,,,,,
,,,,,,,,,,,,,,,,,,,,,,,,,,
,,,,,,,,,,,,,,,,,,,,,,,,,,
,,,,,,,,,,,,,,,,,,,,,,,,,,
,,,,,,,,,,,,,,,,,,,,,,,,,,
,,,,,,,,,,,,,,,,,,,,,,,,,,
,,,,,,,,,,,,,,,,,,,,,,,,,,
,,,,,,,,,,,,,,,,,,,,,,,,,,
,,,,,,,,,,,,,,,,,,,,,,,,,,
,,,,,,,,,,,,,,,,,,,,,,,,,,
,,,,,,,,,,,,,,,,,,,,,,,,,,
,,,,,,,,,,,,,,,,,,,,,,,,,,
,,,,,,,,,,,,,,,,,,,,,,,,,,
,,,,,,,,,,,,,,,,,,,,,,,,,,
,,,,,,,,,,,,,,,,,,,,,,,,,,
,,,,,,,,,,,,,,,,,,,,,,,,,,
,,,,,,,,,,,,,,,,,,,,,,,,,,
,,,,,,,,,,,,,,,,,,,,,,,,,,
,,,,,,,,,,,,,,,,,,,,,,,,,,
,,,,,,,,,,,,,,,,,,,,,,,,,,
,,,,,,,,,,,,,,,,,,,,,,,,,,
,,,,,,,,,,,,,,,,,,,,,,,,,,
,,,,,,,,,,,,,,,,,,,,,,,,,,
,,,,,,,,,,,,,,,,,,,,,,,,,,
,,,,,,,,,,,,,,,,,,,,,,,,,,
,,,,,,,,,,,,,,,,,,,,,,,,,,
,,,,,,,,,,,,,,,,,,,,,,,,,,
,,,,,,,,,,,,,,,,,,,,,,,,,,
,,,,,,,,,,,,,,,,,,,,,,,,,,
,,,,,,,,,,,,,,,,,,,,,,,,,,
,,,,,,,,,,,,,,,,,,,,,,,,,,
,,,,,,,,,,,,,,,,,,,,,,,,,,
,,,,,,,,,,,,,,,,,,,,,,,,,,
,,,,,,,,,,,,,,,,,,,,,,,,,,
,,,,,,,,,,,,,,,,,,,,,,,,,,
,,,,,,,,,,,,,,,,,,,,,,,,,,
,,,,,,,,,,,,,,,,,,,,,,,,,,
,,,,,,,,,,,,,,,,,,,,,,,,,,
,,,,,,,,,,,,,,,,,,,,,,,,,,
,,,,,,,,,,,,,,,,,,,,,,,,,,
,,,,,,,,,,,,,,,,,,,,,,,,,,
,,,,,,,,,,,,,,,,,,,,,,,,,,
,,,,,,,,,,,,,,,,,,,,,,,,,,
,,,,,,,,,,,,,,,,,,,,,,,,,,
,,,,,,,,,,,,,,,,,,,,,,,,,,
,,,,,,,,,,,,,,,,,,,,,,,,,,
,,,,,,,,,,,,,,,,,,,,,,,,,,
,,,,,,,,,,,,,,,,,,,,,,,,,,
,,,,,,,,,,,,,,,,,,,,,,,,,,
,,,,,,,,,,,,,,,,,,,,,,,,,,
,,,,,,,,,,,,,,,,,,,,,,,,,,
,,,,,,,,,,,,,,,,,,,,,,,,,,
,,,,,,,,,,,,,,,,,,,,,,,,,,
,,,,,,,,,,,,,,,,,,,,,,,,,,
,,,,,,,,,,,,,,,,,,,,,,,,,,
,,,,,,,,,,,,,,,,,,,,,,,,,,
,,,,,,,,,,,,,,,,,,,,,,,,,,
,,,,,,,,,,,,,,,,,,,,,,,,,,
,,,,,,,,,,,,,,,,,,,,,,,,,,
,,,,,,,,,,,,,,,,,,,,,,,,,,
,,,,,,,,,,,,,,,,,,,,,,,,,,
,,,,,,,,,,,,,,,,,,,,,,,,,,
,,,,,,,,,,,,,,,,,,,,,,,,,,
,,,,,,,,,,,,,,,,,,,,,,,,,,
,,,,,,,,,,,,,,,,,,,,,,,,,,
,,,,,,,,,,,,,,,,,,,,,,,,,,
,,,,,,,,,,,,,,,,,,,,,,,,,,
,,,,,,,,,,,,,,,,,,,,,,,,,,
,,,,,,,,,,,,,,,,,,,,,,,,,,
,,,,,,,,,,,,,,,,,,,,,,,,,,
,,,,,,,,,,,,,,,,,,,,,,,,,,
,,,,,,,,,,,,,,,,,,,,,,,,,,
,,,,,,,,,,,,,,,,,,,,,,,,,,
,,,,,,,,,,,,,,,,,,,,,,,,,,
,,,,,,,,,,,,,,,,,,,,,,,,,,
,,,,,,,,,,,,,,,,,,,,,,,,,,
,,,,,,,,,,,,,,,,,,,,,,,,,,
,,,,,,,,,,,,,,,,,,,,,,,,,,
,,,,,,,,,,,,,,,,,,,,,,,,,,
,,,,,,,,,,,,,,,,,,,,,,,,,,
,,,,,,,,,,,,,,,,,,,,,,,,,,
,,,,,,,,,,,,,,,,,,,,,,,,,,
,,,,,,,,,,,,,,,,,,,,,,,,,,
,,,,,,,,,,,,,,,,,,,,,,,,,,
,,,,,,,,,,,,,,,,,,,,,,,,,,
,,,,,,,,,,,,,,,,,,,,,,,,,,
,,,,,,,,,,,,,,,,,,,,,,,,,,
,,,,,,,,,,,,,,,,,,,,,,,,,,
,,,,,,,,,,,,,,,,,,,,,,,,,,
,,,,,,,,,,,,,,,,,,,,,,,,,,
,,,,,,,,,,,,,,,,,,,,,,,,,,
,,,,,,,,,,,,,,,,,,,,,,,,,,
,,,,,,,,,,,,,,,,,,,,,,,,,,
,,,,,,,,,,,,,,,,,,,,,,,,,,
,,,,,,,,,,,,,,,,,,,,,,,,,,
,,,,,,,,,,,,,,,,,,,,,,,,,,
,,,,,,,,,,,,,,,,,,,,,,,,,,
,,,,,,,,,,,,,,,,,,,,,,,,,,
,,,,,,,,,,,,,,,,,,,,,,,,,,
,,,,,,,,,,,,,,,,,,,,,,,,,,
,,,,,,,,,,,,,,,,,,,,,,,,,,
,,,,,,,,,,,,,,,,,,,,,,,,,,
,,,,,,,,,,,,,,,,,,,,,,,,,,
,,,,,,,,,,,,,,,,,,,,,,,,,,
,,,,,,,,,,,,,,,,,,,,,,,,,,
,,,,,,,,,,,,,,,,,,,,,,,,,,
,,,,,,,,,,,,,,,,,,,,,,,,,,
,,,,,,,,,,,,,,,,,,,,,,,,,,
,,,,,,,,,,,,,,,,,,,,,,,,,,
,,,,,,,,,,,,,,,,,,,,,,,,,,
,,,,,,,,,,,,,,,,,,,,,,,,,,
,,,,,,,,,,,,,,,,,,,,,,,,,,
,,,,,,,,,,,,,,,,,,,,,,,,,,
,,,,,,,,,,,,,,,,,,,,,,,,,,
,,,,,,,,,,,,,,,,,,,,,,,,,,
,,,,,,,,,,,,,,,,,,,,,,,,,,
,,,,,,,,,,,,,,,,,,,,,,,,,,
,,,,,,,,,,,,,,,,,,,,,,,,,,
,,,,,,,,,,,,,,,,,,,,,,,,,,
,,,,,,,,,,,,,,,,,,,,,,,,,,
,,,,,,,,,,,,,,,,,,,,,,,,,,
,,,,,,,,,,,,,,,,,,,,,,,,,,
,,,,,,,,,,,,,,,,,,,,,,,,,,
,,,,,,,,,,,,,,,,,,,,,,,,,,
,,,,,,,,,,,,,,,,,,,,,,,,,,
,,,,,,,,,,,,,,,,,,,,,,,,,,
,,,,,,,,,,,,,,,,,,,,,,,,,,
,,,,,,,,,,,,,,,,,,,,,,,,,,
,,,,,,,,,,,,,,,,,,,,,,,,,,
,,,,,,,,,,,,,,,,,,,,,,,,,,
,,,,,,,,,,,,,,,,,,,,,,,,,,
,,,,,,,,,,,,,,,,,,,,,,,,,,
,,,,,,,,,,,,,,,,,,,,,,,,,,
,,,,,,,,,,,,,,,,,,,,,,,,,,
,,,,,,,,,,,,,,,,,,,,,,,,,,
,,,,,,,,,,,,,,,,,,,,,,,,,,
,,,,,,,,,,,,,,,,,,,,,,,,,,
,,,,,,,,,,,,,,,,,,,,,,,,,,
,,,,,,,,,,,,,,,,,,,,,,,,,,
,,,,,,,,,,,,,,,,,,,,,,,,,,
,,,,,,,,,,,,,,,,,,,,,,,,,,
,,,,,,,,,,,,,,,,,,,,,,,,,,
,,,,,,,,,,,,,,,,,,,,,,,,,,
,,,,,,,,,,,,,,,,,,,,,,,,,,
,,,,,,,,,,,,,,,,,,,,,,,,,,
,,,,,,,,,,,,,,,,,,,,,,,,,,
,,,,,,,,,,,,,,,,,,,,,,,,,,
,,,,,,,,,,,,,,,,,,,,,,,,,,
,,,,,,,,,,,,,,,,,,,,,,,,,,
,,,,,,,,,,,,,,,,,,,,,,,,,,
,,,,,,,,,,,,,,,,,,,,,,,,,,
,,,,,,,,,,,,,,,,,,,,,,,,,,
,,,,,,,,,,,,,,,,,,,,,,,,,,
,,,,,,,,,,,,,,,,,,,,,,,,,,
,,,,,,,,,,,,,,,,,,,,,,,,,,
,,,,,,,,,,,,,,,,,,,,,,,,,,
,,,,,,,,,,,,,,,,,,,,,,,,,,
,,,,,,,,,,,,,,,,,,,,,,,,,,
,,,,,,,,,,,,,,,,,,,,,,,,,,
,,,,,,,,,,,,,,,,,,,,,,,,,,
,,,,,,,,,,,,,,,,,,,,,,,,,,
,,,,,,,,,,,,,,,,,,,,,,,,,,
,,,,,,,,,,,,,,,,,,,,,,,,,,
,,,,,,,,,,,,,,,,,,,,,,,,,,
,,,,,,,,,,,,,,,,,,,,,,,,,,
,,,,,,,,,,,,,,,,,,,,,,,,,,
,,,,,,,,,,,,,,,,,,,,,,,,,,
,,,,,,,,,,,,,,,,,,,,,,,,,,
,,,,,,,,,,,,,,,,,,,,,,,,,,
,,,,,,,,,,,,,,,,,,,,,,,,,,
,,,,,,,,,,,,,,,,,,,,,,,,,,
,,,,,,,,,,,,,,,,,,,,,,,,,,
,,,,,,,,,,,,,,,,,,,,,,,,,,
,,,,,,,,,,,,,,,,,,,,,,,,,,
,,,,,,,,,,,,,,,,,,,,,,,,,,
,,,,,,,,,,,,,,,,,,,,,,,,,,
,,,,,,,,,,,,,,,,,,,,,,,,,,
,,,,,,,,,,,,,,,,,,,,,,,,,,
,,,,,,,,,,,,,,,,,,,,,,,,,,
,,,,,,,,,,,,,,,,,,,,,,,,,,
,,,,,,,,,,,,,,,,,,,,,,,,,,
,,,,,,,,,,,,,,,,,,,,,,,,,,
,,,,,,,,,,,,,,,,,,,,,,,,,,
,,,,,,,,,,,,,,,,,,,,,,,,,,
,,,,,,,,,,,,,,,,,,,,,,,,,,
,,,,,,,,,,,,,,,,,,,,,,,,,,
,,,,,,,,,,,,,,,,,,,,,,,,,,
,,,,,,,,,,,,,,,,,,,,,,,,,,
,,,,,,,,,,,,,,,,,,,,,,,,,,
,,,,,,,,,,,,,,,,,,,,,,,,,,
,,,,,,,,,,,,,,,,,,,,,,,,,,
,,,,,,,,,,,,,,,,,,,,,,,,,,
,,,,,,,,,,,,,,,,,,,,,,,,,,
,,,,,,,,,,,,,,,,,,,,,,,,,,
,,,,,,,,,,,,,,,,,,,,,,,,,,
,,,,,,,,,,,,,,,,,,,,,,,,,,
,,,,,,,,,,,,,,,,,,,,,,,,,,
,,,,,,,,,,,,,,,,,,,,,,,,,,
,,,,,,,,,,,,,,,,,,,,,,,,,,
,,,,,,,,,,,,,,,,,,,,,,,,,,
,,,,,,,,,,,,,,,,,,,,,,,,,,
,,,,,,,,,,,,,,,,,,,,,,,,,,
,,,,,,,,,,,,,,,,,,,,,,,,,,
,,,,,,,,,,,,,,,,,,,,,,,,,,
,,,,,,,,,,,,,,,,,,,,,,,,,,
,,,,,,,,,,,,,,,,,,,,,,,,,,
,,,,,,,,,,,,,,,,,,,,,,,,,,
,,,,,,,,,,,,,,,,,,,,,,,,,,
,,,,,,,,,,,,,,,,,,,,,,,,,,
,,,,,,,,,,,,,,,,,,,,,,,,,,
,,,,,,,,,,,,,,,,,,,,,,,,,,
,,,,,,,,,,,,,,,,,,,,,,,,,,
,,,,,,,,,,,,,,,,,,,,,,,,,,
,,,,,,,,,,,,,,,,,,,,,,,,,,
,,,,,,,,,,,,,,,,,,,,,,,,,,
,,,,,,,,,,,,,,,,,,,,,,,,,,
,,,,,,,,,,,,,,,,,,,,,,,,,,
,,,,,,,,,,,,,,,,,,,,,,,,,,
,,,,,,,,,,,,,,,,,,,,,,,,,,
,,,,,,,,,,,,,,,,,,,,,,,,,,
,,,,,,,,,,,,,,,,,,,,,,,,,,
,,,,,,,,,,,,,,,,,,,,,,,,,,
,,,,,,,,,,,,,,,,,,,,,,,,,,
,,,,,,,,,,,,,,,,,,,,,,,,,,
,,,,,,,,,,,,,,,,,,,,,,,,,,
,,,,,,,,,,,,,,,,,,,,,,,,,,
,,,,,,,,,,,,,,,,,,,,,,,,,,
,,,,,,,,,,,,,,,,,,,,,,,,,,
,,,,,,,,,,,,,,,,,,,,,,,,,,
,,,,,,,,,,,,,,,,,,,,,,,,,,
,,,,,,,,,,,,,,,,,,,,,,,,,,
,,,,,,,,,,,,,,,,,,,,,,,,,,
,,,,,,,,,,,,,,,,,,,,,,,,,,
,,,,,,,,,,,,,,,,,,,,,,,,,,
,,,,,,,,,,,,,,,,,,,,,,,,,,
,,,,,,,,,,,,,,,,,,,,,,,,,,
,,,,,,,,,,,,,,,,,,,,,,,,,,
,,,,,,,,,,,,,,,,,,,,,,,,,,
,,,,,,,,,,,,,,,,,,,,,,,,,,
,,,,,,,,,,,,,,,,,,,,,,,,,,
,,,,,,,,,,,,,,,,,,,,,,,,,,
,,,,,,,,,,,,,,,,,,,,,,,,,,
,,,,,,,,,,,,,,,,,,,,,,,,,,
,,,,,,,,,,,,,,,,,,,,,,,,,,
,,,,,,,,,,,,,,,,,,,,,,,,,,
,,,,,,,,,,,,,,,,,,,,,,,,,,
,,,,,,,,,,,,,,,,,,,,,,,,,,
,,,,,,,,,,,,,,,,,,,,,,,,,,
,,,,,,,,,,,,,,,,,,,,,,,,,,
,,,,,,,,,,,,,,,,,,,,,,,,,,
,,,,,,,,,,,,,,,,,,,,,,,,,,
,,,,,,,,,,,,,,,,,,,,,,,,,,
,,,,,,,,,,,,,,,,,,,,,,,,,,
,,,,,,,,,,,,,,,,,,,,,,,,,,
,,,,,,,,,,,,,,,,,,,,,,,,,,
,,,,,,,,,,,,,,,,,,,,,,,,,,
,,,,,,,,,,,,,,,,,,,,,,,,,,
,,,,,,,,,,,,,,,,,,,,,,,,,,
,,,,,,,,,,,,,,,,,,,,,,,,,,
,,,,,,,,,,,,,,,,,,,,,,,,,,
,,,,,,,,,,,,,,,,,,,,,,,,,,
,,,,,,,,,,,,,,,,,,,,,,,,,,
,,,,,,,,,,,,,,,,,,,,,,,,,,
,,,,,,,,,,,,,,,,,,,,,,,,,,
,,,,,,,,,,,,,,,,,,,,,,,,,,
,,,,,,,,,,,,,,,,,,,,,,,,,,
,,,,,,,,,,,,,,,,,,,,,,,,,,
,,,,,,,,,,,,,,,,,,,,,,,,,,
,,,,,,,,,,,,,,,,,,,,,,,,,,
,,,,,,,,,,,,,,,,,,,,,,,,,,
,,,,,,,,,,,,,,,,,,,,,,,,,,
,,,,,,,,,,,,,,,,,,,,,,,,,,
,,,,,,,,,,,,,,,,,,,,,,,,,,
,,,,,,,,,,,,,,,,,,,,,,,,,,
,,,,,,,,,,,,,,,,,,,,,,,,,,
,,,,,,,,,,,,,,,,,,,,,,,,,,
,,,,,,,,,,,,,,,,,,,,,,,,,,
,,,,,,,,,,,,,,,,,,,,,,,,,,
,,,,,,,,,,,,,,,,,,,,,,,,,,
,,,,,,,,,,,,,,,,,,,,,,,,,,
,,,,,,,,,,,,,,,,,,,,,,,,,,
,,,,,,,,,,,,,,,,,,,,,,,,,,
,,,,,,,,,,,,,,,,,,,,,,,,,,
,,,,,,,,,,,,,,,,,,,,,,,,,,
,,,,,,,,,,,,,,,,,,,,,,,,,,
,,,,,,,,,,,,,,,,,,,,,,,,,,
,,,,,,,,,,,,,,,,,,,,,,,,,,
,,,,,,,,,,,,,,,,,,,,,,,,,,
,,,,,,,,,,,,,,,,,,,,,,,,,,
,,,,,,,,,,,,,,,,,,,,,,,,,,
,,,,,,,,,,,,,,,,,,,,,,,,,,
,,,,,,,,,,,,,,,,,,,,,,,,,,
,,,,,,,,,,,,,,,,,,,,,,,,,,
,,,,,,,,,,,,,,,,,,,,,,,,,,
,,,,,,,,,,,,,,,,,,,,,,,,,,
,,,,,,,,,,,,,,,,,,,,,,,,,,
,,,,,,,,,,,,,,,,,,,,,,,,,,
,,,,,,,,,,,,,,,,,,,,,,,,,,
,,,,,,,,,,,,,,,,,,,,,,,,,,
,,,,,,,,,,,,,,,,,,,,,,,,,,
,,,,,,,,,,,,,,,,,,,,,,,,,,
,,,,,,,,,,,,,,,,,,,,,,,,,,
,,,,,,,,,,,,,,,,,,,,,,,,,,
,,,,,,,,,,,,,,,,,,,,,,,,,,
,,,,,,,,,,,,,,,,,,,,,,,,,,
,,,,,,,,,,,,,,,,,,,,,,,,,,
,,,,,,,,,,,,,,,,,,,,,,,,,,
,,,,,,,,,,,,,,,,,,,,,,,,,,
,,,,,,,,,,,,,,,,,,,,,,,,,,
,,,,,,,,,,,,,,,,,,,,,,,,,,
,,,,,,,,,,,,,,,,,,,,,,,,,,
,,,,,,,,,,,,,,,,,,,,,,,,,,
,,,,,,,,,,,,,,,,,,,,,,,,,,
,,,,,,,,,,,,,,,,,,,,,,,,,,
,,,,,,,,,,,,,,,,,,,,,,,,,,
,,,,,,,,,,,,,,,,,,,,,,,,,,
,,,,,,,,,,,,,,,,,,,,,,,,,,
,,,,,,,,,,,,,,,,,,,,,,,,,,
,,,,,,,,,,,,,,,,,,,,,,,,,,
,,,,,,,,,,,,,,,,,,,,,,,,,,
,,,,,,,,,,,,,,,,,,,,,,,,,,
,,,,,,,,,,,,,,,,,,,,,,,,,,
,,,,,,,,,,,,,,,,,,,,,,,,,,
,,,,,,,,,,,,,,,,,,,,,,,,,,
,,,,,,,,,,,,,,,,,,,,,,,,,,
,,,,,,,,,,,,,,,,,,,,,,,,,,
,,,,,,,,,,,,,,,,,,,,,,,,,,
,,,,,,,,,,,,,,,,,,,,,,,,,,
,,,,,,,,,,,,,,,,,,,,,,,,,,
,,,,,,,,,,,,,,,,,,,,,,,,,,
,,,,,,,,,,,,,,,,,,,,,,,,,,
,,,,,,,,,,,,,,,,,,,,,,,,,,
,,,,,,,,,,,,,,,,,,,,,,,,,,
,,,,,,,,,,,,,,,,,,,,,,,,,,
,,,,,,,,,,,,,,,,,,,,,,,,,,
,,,,,,,,,,,,,,,,,,,,,,,,,,
,,,,,,,,,,,,,,,,,,,,,,,,,,
,,,,,,,,,,,,,,,,,,,,,,,,,,
,,,,,,,,,,,,,,,,,,,,,,,,,,
,,,,,,,,,,,,,,,,,,,,,,,,,,
,,,,,,,,,,,,,,,,,,,,,,,,,,
,,,,,,,,,,,,,,,,,,,,,,,,,,
,,,,,,,,,,,,,,,,,,,,,,,,,,
,,,,,,,,,,,,,,,,,,,,,,,,,,
,,,,,,,,,,,,,,,,,,,,,,,,,,
,,,,,,,,,,,,,,,,,,,,,,,,,,
,,,,,,,,,,,,,,,,,,,,,,,,,,
,,,,,,,,,,,,,,,,,,,,,,,,,,
,,,,,,,,,,,,,,,,,,,,,,,,,,
,,,,,,,,,,,,,,,,,,,,,,,,,,
,,,,,,,,,,,,,,,,,,,,,,,,,,
,,,,,,,,,,,,,,,,,,,,,,,,,,
,,,,,,,,,,,,,,,,,,,,,,,,,,
,,,,,,,,,,,,,,,,,,,,,,,,,,
,,,,,,,,,,,,,,,,,,,,,,,,,,
,,,,,,,,,,,,,,,,,,,,,,,,,,
,,,,,,,,,,,,,,,,,,,,,,,,,,
,,,,,,,,,,,,,,,,,,,,,,,,,,
,,,,,,,,,,,,,,,,,,,,,,,,,,
,,,,,,,,,,,,,,,,,,,,,,,,,,
,,,,,,,,,,,,,,,,,,,,,,,,,,
,,,,,,,,,,,,,,,,,,,,,,,,,,
,,,,,,,,,,,,,,,,,,,,,,,,,,
,,,,,,,,,,,,,,,,,,,,,,,,,,
,,,,,,,,,,,,,,,,,,,,,,,,,,
,,,,,,,,,,,,,,,,,,,,,,,,,,
,,,,,,,,,,,,,,,,,,,,,,,,,,
,,,,,,,,,,,,,,,,,,,,,,,,,,
,,,,,,,,,,,,,,,,,,,,,,,,,,
,,,,,,,,,,,,,,,,,,,,,,,,,,
,,,,,,,,,,,,,,,,,,,,,,,,,,
,,,,,,,,,,,,,,,,,,,,,,,,,,
,,,,,,,,,,,,,,,,,,,,,,,,,,
,,,,,,,,,,,,,,,,,,,,,,,,,,
,,,,,,,,,,,,,,,,,,,,,,,,,,
,,,,,,,,,,,,,,,,,,,,,,,,,,
,,,,,,,,,,,,,,,,,,,,,,,,,,
,,,,,,,,,,,,,,,,,,,,,,,,,,
,,,,,,,,,,,,,,,,,,,,,,,,,,
,,,,,,,,,,,,,,,,,,,,,,,,,,
,,,,,,,,,,,,,,,,,,,,,,,,,,
,,,,,,,,,,,,,,,,,,,,,,,,,,
,,,,,,,,,,,,,,,,,,,,,,,,,,
,,,,,,,,,,,,,,,,,,,,,,,,,,
,,,,,,,,,,,,,,,,,,,,,,,,,,
,,,,,,,,,,,,,,,,,,,,,,,,,,
,,,,,,,,,,,,,,,,,,,,,,,,,,
,,,,,,,,,,,,,,,,,,,,,,,,,,
,,,,,,,,,,,,,,,,,,,,,,,,,,
,,,,,,,,,,,,,,,,,,,,,,,,,,
,,,,,,,,,,,,,,,,,,,,,,,,,,
,,,,,,,,,,,,,,,,,,,,,,,,,,
,,,,,,,,,,,,,,,,,,,,,,,,,,
,,,,,,,,,,,,,,,,,,,,,,,,,,
,,,,,,,,,,,,,,,,,,,,,,,,,,
,,,,,,,,,,,,,,,,,,,,,,,,,,
,,,,,,,,,,,,,,,,,,,,,,,,,,
,,,,,,,,,,,,,,,,,,,,,,,,,,
,,,,,,,,,,,,,,,,,,,,,,,,,,
,,,,,,,,,,,,,,,,,,,,,,,,,,
,,,,,,,,,,,,,,,,,,,,,,,,,,
,,,,,,,,,,,,,,,,,,,,,,,,,,
,,,,,,,,,,,,,,,,,,,,,,,,,,
,,,,,,,,,,,,,,,,,,,,,,,,,,
,,,,,,,,,,,,,,,,,,,,,,,,,,
,,,,,,,,,,,,,,,,,,,,,,,,,,
,,,,,,,,,,,,,,,,,,,,,,,,,,
,,,,,,,,,,,,,,,,,,,,,,,,,,
,,,,,,,,,,,,,,,,,,,,,,,,,,
,,,,,,,,,,,,,,,,,,,,,,,,,,
,,,,,,,,,,,,,,,,,,,,,,,,,,
,,,,,,,,,,,,,,,,,,,,,,,,,,
,,,,,,,,,,,,,,,,,,,,,,,,,,
,,,,,,,,,,,,,,,,,,,,,,,,,,
,,,,,,,,,,,,,,,,,,,,,,,,,,
,,,,,,,,,,,,,,,,,,,,,,,,,,
,,,,,,,,,,,,,,,,,,,,,,,,,,
,,,,,,,,,,,,,,,,,,,,,,,,,,
,,,,,,,,,,,,,,,,,,,,,,,,,,
,,,,,,,,,,,,,,,,,,,,,,,,,,
,,,,,,,,,,,,,,,,,,,,,,,,,,
,,,,,,,,,,,,,,,,,,,,,,,,,,
,,,,,,,,,,,,,,,,,,,,,,,,,,
,,,,,,,,,,,,,,,,,,,,,,,,,,
,,,,,,,,,,,,,,,,,,,,,,,,,,
,,,,,,,,,,,,,,,,,,,,,,,,,,
,,,,,,,,,,,,,,,,,,,,,,,,,,
,,,,,,,,,,,,,,,,,,,,,,,,,,
,,,,,,,,,,,,,,,,,,,,,,,,,,
,,,,,,,,,,,,,,,,,,,,,,,,,,
,,,,,,,,,,,,,,,,,,,,,,,,,,
,,,,,,,,,,,,,,,,,,,,,,,,,,
,,,,,,,,,,,,,,,,,,,,,,,,,,
,,,,,,,,,,,,,,,,,,,,,,,,,,
,,,,,,,,,,,,,,,,,,,,,,,,,,
,,,,,,,,,,,,,,,,,,,,,,,,,,
,,,,,,,,,,,,,,,,,,,,,,,,,,
,,,,,,,,,,,,,,,,,,,,,,,,,,
,,,,,,,,,,,,,,,,,,,,,,,,,,
,,,,,,,,,,,,,,,,,,,,,,,,,,
,,,,,,,,,,,,,,,,,,,,,,,,,,
,,,,,,,,,,,,,,,,,,,,,,,,,,
,,,,,,,,,,,,,,,,,,,,,,,,,,
,,,,,,,,,,,,,,,,,,,,,,,,,,
,,,,,,,,,,,,,,,,,,,,,,,,,,
,,,,,,,,,,,,,,,,,,,,,,,,,,
,,,,,,,,,,,,,,,,,,,,,,,,,,
,,,,,,,,,,,,,,,,,,,,,,,,,,
,,,,,,,,,,,,,,,,,,,,,,,,,,
,,,,,,,,,,,,,,,,,,,,,,,,,,
,,,,,,,,,,,,,,,,,,,,,,,,,,
,,,,,,,,,,,,,,,,,,,,,,,,,,
,,,,,,,,,,,,,,,,,,,,,,,,,,
,,,,,,,,,,,,,,,,,,,,,,,,,,
,,,,,,,,,,,,,,,,,,,,,,,,,,
,,,,,,,,,,,,,,,,,,,,,,,,,,
,,,,,,,,,,,,,,,,,,,,,,,,,,
,,,,,,,,,,,,,,,,,,,,,,,,,,
,,,,,,,,,,,,,,,,,,,,,,,,,,
,,,,,,,,,,,,,,,,,,,,,,,,,,
,,,,,,,,,,,,,,,,,,,,,,,,,,
,,,,,,,,,,,,,,,,,,,,,,,,,,
,,,,,,,,,,,,,,,,,,,,,,,,,,
,,,,,,,,,,,,,,,,,,,,,,,,,,
,,,,,,,,,,,,,,,,,,,,,,,,,,
,,,,,,,,,,,,,,,,,,,,,,,,,,
,,,,,,,,,,,,,,,,,,,,,,,,,,
,,,,,,,,,,,,,,,,,,,,,,,,,,
,,,,,,,,,,,,,,,,,,,,,,,,,,
,,,,,,,,,,,,,,,,,,,,,,,,,,
,,,,,,,,,,,,,,,,,,,,,,,,,,
,,,,,,,,,,,,,,,,,,,,,,,,,,
,,,,,,,,,,,,,,,,,,,,,,,,,,
,,,,,,,,,,,,,,,,,,,,,,,,,,
,,,,,,,,,,,,,,,,,,,,,,,,,,
,,,,,,,,,,,,,,,,,,,,,,,,,,
,,,,,,,,,,,,,,,,,,,,,,,,,,
,,,,,,,,,,,,,,,,,,,,,,,,,,
,,,,,,,,,,,,,,,,,,,,,,,,,,
,,,,,,,,,,,,,,,,,,,,,,,,,,
,,,,,,,,,,,,,,,,,,,,,,,,,,
,,,,,,,,,,,,,,,,,,,,,,,,,,
,,,,,,,,,,,,,,,,,,,,,,,,,,
,,,,,,,,,,,,,,,,,,,,,,,,,,
,,,,,,,,,,,,,,,,,,,,,,,,,,
,,,,,,,,,,,,,,,,,,,,,,,,,,
,,,,,,,,,,,,,,,,,,,,,,,,,,
,,,,,,,,,,,,,,,,,,,,,,,,,,
,,,,,,,,,,,,,,,,,,,,,,,,,,
,,,,,,,,,,,,,,,,,,,,,,,,,,
,,,,,,,,,,,,,,,,,,,,,,,,,,
,,,,,,,,,,,,,,,,,,,,,,,,,,
,,,,,,,,,,,,,,,,,,,,,,,,,,
,,,,,,,,,,,,,,,,,,,,,,,,,,
,,,,,,,,,,,,,,,,,,,,,,,,,,
,,,,,,,,,,,,,,,,,,,,,,,,,,
,,,,,,,,,,,,,,,,,,,,,,,,,,
,,,,,,,,,,,,,,,,,,,,,,,,,,
,,,,,,,,,,,,,,,,,,,,,,,,,,
,,,,,,,,,,,,,,,,,,,,,,,,,,
,,,,,,,,,,,,,,,,,,,,,,,,,,
,,,,,,,,,,,,,,,,,,,,,,,,,,
,,,,,,,,,,,,,,,,,,,,,,,,,,
,,,,,,,,,,,,,,,,,,,,,,,,,,
,,,,,,,,,,,,,,,,,,,,,,,,,,
,,,,,,,,,,,,,,,,,,,,,,,,,,
,,,,,,,,,,,,,,,,,,,,,,,,,,
,,,,,,,,,,,,,,,,,,,,,,,,,,
,,,,,,,,,,,,,,,,,,,,,,,,,,
,,,,,,,,,,,,,,,,,,,,,,,,,,
,,,,,,,,,,,,,,,,,,,,,,,,,,
,,,,,,,,,,,,,,,,,,,,,,,,,,
,,,,,,,,,,,,,,,,,,,,,,,,,,
,,,,,,,,,,,,,,,,,,,,,,,,,,
,,,,,,,,,,,,,,,,,,,,,,,,,,
,,,,,,,,,,,,,,,,,,,,,,,,,,
,,,,,,,,,,,,,,,,,,,,,,,,,,
,,,,,,,,,,,,,,,,,,,,,,,,,,
,,,,,,,,,,,,,,,,,,,,,,,,,,
,,,,,,,,,,,,,,,,,,,,,,,,,,
,,,,,,,,,,,,,,,,,,,,,,,,,,
,,,,,,,,,,,,,,,,,,,,,,,,,,
,,,,,,,,,,,,,,,,,,,,,,,,,,
,,,,,,,,,,,,,,,,,,,,,,,,,,
,,,,,,,,,,,,,,,,,,,,,,,,,,
,,,,,,,,,,,,,,,,,,,,,,,,,,
,,,,,,,,,,,,,,,,,,,,,,,,,,
,,,,,,,,,,,,,,,,,,,,,,,,,,
,,,,,,,,,,,,,,,,,,,,,,,,,,
,,,,,,,,,,,,,,,,,,,,,,,,,,
,,,,,,,,,,,,,,,,,,,,,,,,,,
,,,,,,,,,,,,,,,,,,,,,,,,,,
,,,,,,,,,,,,,,,,,,,,,,,,,,
,,,,,,,,,,,,,,,,,,,,,,,,,,
,,,,,,,,,,,,,,,,,,,,,,,,,,
,,,,,,,,,,,,,,,,,,,,,,,,,,
,,,,,,,,,,,,,,,,,,,,,,,,,,
,,,,,,,,,,,,,,,,,,,,,,,,,,
,,,,,,,,,,,,,,,,,,,,,,,,,,
,,,,,,,,,,,,,,,,,,,,,,,,,,
,,,,,,,,,,,,,,,,,,,,,,,,,,
,,,,,,,,,,,,,,,,,,,,,,,,,,
,,,,,,,,,,,,,,,,,,,,,,,,,,
,,,,,,,,,,,,,,,,,,,,,,,,,,
,,,,,,,,,,,,,,,,,,,,,,,,,,
,,,,,,,,,,,,,,,,,,,,,,,,,,
,,,,,,,,,,,,,,,,,,,,,,,,,,
,,,,,,,,,,,,,,,,,,,,,,,,,,
,,,,,,,,,,,,,,,,,,,,,,,,,,
,,,,,,,,,,,,,,,,,,,,,,,,,,
,,,,,,,,,,,,,,,,,,,,,,,,,,
,,,,,,,,,,,,,,,,,,,,,,,,,,
,,,,,,,,,,,,,,,,,,,,,,,,,,
,,,,,,,,,,,,,,,,,,,,,,,,,,
,,,,,,,,,,,,,,,,,,,,,,,,,,
,,,,,,,,,,,,,,,,,,,,,,,,,,
,,,,,,,,,,,,,,,,,,,,,,,,,,
,,,,,,,,,,,,,,,,,,,,,,,,,,
,,,,,,,,,,,,,,,,,,,,,,,,,,
,,,,,,,,,,,,,,,,,,,,,,,,,,
,,,,,,,,,,,,,,,,,,,,,,,,,,
,,,,,,,,,,,,,,,,,,,,,,,,,,
,,,,,,,,,,,,,,,,,,,,,,,,,,
,,,,,,,,,,,,,,,,,,,,,,,,,,
,,,,,,,,,,,,,,,,,,,,,,,,,,
,,,,,,,,,,,,,,,,,,,,,,,,,,
,,,,,,,,,,,,,,,,,,,,,,,,,,
,,,,,,,,,,,,,,,,,,,,,,,,,,
,,,,,,,,,,,,,,,,,,,,,,,,,,
,,,,,,,,,,,,,,,,,,,,,,,,,,
,,,,,,,,,,,,,,,,,,,,,,,,,,
,,,,,,,,,,,,,,,,,,,,,,,,,,
,,,,,,,,,,,,,,,,,,,,,,,,,,
,,,,,,,,,,,,,,,,,,,,,,,,,,
,,,,,,,,,,,,,,,,,,,,,,,,,,
,,,,,,,,,,,,,,,,,,,,,,,,,,
,,,,,,,,,,,,,,,,,,,,,,,,,,
,,,,,,,,,,,,,,,,,,,,,,,,,,
,,,,,,,,,,,,,,,,,,,,,,,,,,
,,,,,,,,,,,,,,,,,,,,,,,,,,
,,,,,,,,,,,,,,,,,,,,,,,,,,
,,,,,,,,,,,,,,,,,,,,,,,,,,
,,,,,,,,,,,,,,,,,,,,,,,,,,
,,,,,,,,,,,,,,,,,,,,,,,,,,
